wavelength_nm,thickness_nm,offset_added_percent,inferred_measured_percent,inferred_simulated_percent,residual_measured_minus_simulated_percent,source_measured_column_inferred,source_simulated_column_inferred,assignment_status
780,152,420,59.7501,55.885,3.8651,B,C,inferred_not_workbook_labeled
779,152,420,59.4527,55.919,3.5337,B,C,inferred_not_workbook_labeled
778,152,420,59.2259,55.951,3.2749,B,C,inferred_not_workbook_labeled
777,152,420,60.0687,55.984,4.0847,B,C,inferred_not_workbook_labeled
776,152,420,60.4122,56.017,4.3952,B,C,inferred_not_workbook_labeled
775,152,420,59.627,56.049,3.578,B,C,inferred_not_workbook_labeled
774,152,420,60.0868,56.081,4.0058,B,C,inferred_not_workbook_labeled
773,152,420,59.8477,56.112,3.7357,B,C,inferred_not_workbook_labeled
772,152,420,60.023,56.144,3.879,B,C,inferred_not_workbook_labeled
771,152,420,59.7953,56.175,3.6203,B,C,inferred_not_workbook_labeled
770,152,420,59.8205,56.206,3.6145,B,C,inferred_not_workbook_labeled
769,152,420,60.3193,56.237,4.0823,B,C,inferred_not_workbook_labeled
768,152,420,60.3877,56.267,4.1207,B,C,inferred_not_workbook_labeled
767,152,420,60.3091,56.298,4.0111,B,C,inferred_not_workbook_labeled
766,152,420,60.247,56.328,3.919,B,C,inferred_not_workbook_labeled
765,152,420,60.2005,56.358,3.8425,B,C,inferred_not_workbook_labeled
764,152,420,60.1363,56.387,3.7493,B,C,inferred_not_workbook_labeled
763,152,420,59.7852,56.417,3.3682,B,C,inferred_not_workbook_labeled
762,152,420,59.9525,56.446,3.5065,B,C,inferred_not_workbook_labeled
761,152,420,60.0573,56.475,3.5823,B,C,inferred_not_workbook_labeled
760,152,420,60.574,56.503,4.071,B,C,inferred_not_workbook_labeled
759,152,420,60.2534,56.532,3.7214,B,C,inferred_not_workbook_labeled
758,152,420,60.1425,56.56,3.5825,B,C,inferred_not_workbook_labeled
757,152,420,60.203,56.588,3.615,B,C,inferred_not_workbook_labeled
756,152,420,60.1624,56.616,3.5464,B,C,inferred_not_workbook_labeled
755,152,420,60.4375,56.643,3.7945,B,C,inferred_not_workbook_labeled
754,152,420,60.773,56.67,4.103,B,C,inferred_not_workbook_labeled
753,152,420,60.8885,56.697,4.1915,B,C,inferred_not_workbook_labeled
752,152,420,60.5552,56.723,3.8322,B,C,inferred_not_workbook_labeled
751,152,420,60.9537,56.749,4.2047,B,C,inferred_not_workbook_labeled
750,152,420,60.7816,56.775,4.0066,B,C,inferred_not_workbook_labeled
749,152,420,60.9566,56.801,4.1556,B,C,inferred_not_workbook_labeled
748,152,420,61.4289,56.826,4.6029,B,C,inferred_not_workbook_labeled
747,152,420,60.7665,56.851,3.9155,B,C,inferred_not_workbook_labeled
746,152,420,60.8442,56.875,3.9692,B,C,inferred_not_workbook_labeled
745,152,420,60.1482,56.899,3.2492,B,C,inferred_not_workbook_labeled
744,152,420,60.7046,56.923,3.7816,B,C,inferred_not_workbook_labeled
743,152,420,61.1765,56.946,4.2305,B,C,inferred_not_workbook_labeled
742,152,420,60.7662,56.969,3.7972,B,C,inferred_not_workbook_labeled
741,152,420,60.986,56.991,3.995,B,C,inferred_not_workbook_labeled
740,152,420,61.395,57.013,4.382,B,C,inferred_not_workbook_labeled
739,152,420,60.7775,57.035,3.7425,B,C,inferred_not_workbook_labeled
738,152,420,60.3391,57.056,3.2831,B,C,inferred_not_workbook_labeled
737,152,420,60.614,57.076,3.538,B,C,inferred_not_workbook_labeled
736,152,420,60.4453,57.096,3.3493,B,C,inferred_not_workbook_labeled
735,152,420,60.8914,57.115,3.7764,B,C,inferred_not_workbook_labeled
734,152,420,60.4185,57.134,3.2845,B,C,inferred_not_workbook_labeled
733,152,420,60.3498,57.152,3.1978,B,C,inferred_not_workbook_labeled
732,152,420,61.0247,57.169,3.8557,B,C,inferred_not_workbook_labeled
731,152,420,60.8456,57.186,3.6596,B,C,inferred_not_workbook_labeled
730,152,420,61.6474,57.202,4.4454,B,C,inferred_not_workbook_labeled
729,152,420,60.809,57.218,3.591,B,C,inferred_not_workbook_labeled
728,152,420,61.0238,57.232,3.7918,B,C,inferred_not_workbook_labeled
727,152,420,61.5052,57.246,4.2592,B,C,inferred_not_workbook_labeled
726,152,420,60.773,57.26,3.513,B,C,inferred_not_workbook_labeled
725,152,420,60.9581,57.272,3.6861,B,C,inferred_not_workbook_labeled
724,152,420,60.9825,57.284,3.6985,B,C,inferred_not_workbook_labeled
723,152,420,60.9106,57.295,3.6156,B,C,inferred_not_workbook_labeled
722,152,420,60.9478,57.305,3.6428,B,C,inferred_not_workbook_labeled
721,152,420,61.4746,57.315,4.1596,B,C,inferred_not_workbook_labeled
720,152,420,61.1658,57.323,3.8428,B,C,inferred_not_workbook_labeled
719,152,420,61.5085,57.331,4.1775,B,C,inferred_not_workbook_labeled
718,152,420,60.8982,57.337,3.5612,B,C,inferred_not_workbook_labeled
717,152,420,60.9164,57.343,3.5734,B,C,inferred_not_workbook_labeled
716,152,420,60.7496,57.348,3.4016,B,C,inferred_not_workbook_labeled
715,152,420,60.747,57.352,3.395,B,C,inferred_not_workbook_labeled
714,152,420,61.2795,57.355,3.9245,B,C,inferred_not_workbook_labeled
713,152,420,61.0693,57.357,3.7123,B,C,inferred_not_workbook_labeled
712,152,420,60.6581,57.358,3.3001,B,C,inferred_not_workbook_labeled
711,152,420,61.2106,57.358,3.8526,B,C,inferred_not_workbook_labeled
710,152,420,61.3912,57.357,4.0342,B,C,inferred_not_workbook_labeled
709,152,420,61.322,57.354,3.968,B,C,inferred_not_workbook_labeled
708,152,420,61.0526,57.351,3.7016,B,C,inferred_not_workbook_labeled
707,152,420,61.0395,57.347,3.6925,B,C,inferred_not_workbook_labeled
706,152,420,61.2474,57.342,3.9054,B,C,inferred_not_workbook_labeled
705,152,420,60.6777,57.335,3.3427,B,C,inferred_not_workbook_labeled
704,152,420,60.5601,57.327,3.2331,B,C,inferred_not_workbook_labeled
703,152,420,60.6141,57.319,3.2951,B,C,inferred_not_workbook_labeled
702,152,420,60.2516,57.309,2.9426,B,C,inferred_not_workbook_labeled
701,152,420,60.341,57.298,3.043,B,C,inferred_not_workbook_labeled
700,152,420,60.8166,57.286,3.5306,B,C,inferred_not_workbook_labeled
699,152,420,60.9803,57.273,3.7073,B,C,inferred_not_workbook_labeled
698,152,420,61.0275,57.258,3.7695,B,C,inferred_not_workbook_labeled
697,152,420,60.9476,57.242,3.7056,B,C,inferred_not_workbook_labeled
696,152,420,60.6902,57.226,3.4642,B,C,inferred_not_workbook_labeled
695,152,420,60.7253,57.208,3.5173,B,C,inferred_not_workbook_labeled
694,152,420,60.723,57.188,3.535,B,C,inferred_not_workbook_labeled
693,152,420,60.6133,57.168,3.4453,B,C,inferred_not_workbook_labeled
692,152,420,60.4365,57.147,3.2895,B,C,inferred_not_workbook_labeled
691,152,420,60.7241,57.124,3.6001,B,C,inferred_not_workbook_labeled
690,152,420,60.4116,57.1,3.3116,B,C,inferred_not_workbook_labeled
689,152,420,60.8425,57.075,3.7675,B,C,inferred_not_workbook_labeled
688,152,420,60.6651,57.048,3.6171,B,C,inferred_not_workbook_labeled
687,152,420,60.1483,57.021,3.1273,B,C,inferred_not_workbook_labeled
686,152,420,60.2252,56.992,3.2332,B,C,inferred_not_workbook_labeled
685,152,420,60.8445,56.962,3.8825,B,C,inferred_not_workbook_labeled
684,152,420,60.7847,56.931,3.8537,B,C,inferred_not_workbook_labeled
683,152,420,60.269,56.898,3.371,B,C,inferred_not_workbook_labeled
682,152,420,60.3157,56.865,3.4507,B,C,inferred_not_workbook_labeled
681,152,420,60.4419,56.83,3.6119,B,C,inferred_not_workbook_labeled
680,152,420,60.1243,56.794,3.3303,B,C,inferred_not_workbook_labeled
679,152,420,60.0355,56.757,3.2785,B,C,inferred_not_workbook_labeled
678,152,420,60.2716,56.718,3.5536,B,C,inferred_not_workbook_labeled
677,152,420,60.5286,56.678,3.8506,B,C,inferred_not_workbook_labeled
676,152,420,60.3545,56.637,3.7175,B,C,inferred_not_workbook_labeled
675,152,420,59.8506,56.595,3.2556,B,C,inferred_not_workbook_labeled
674,152,420,59.8714,56.552,3.3194,B,C,inferred_not_workbook_labeled
673,152,420,60.046,56.507,3.539,B,C,inferred_not_workbook_labeled
672,152,420,60.0138,56.462,3.5518,B,C,inferred_not_workbook_labeled
671,152,420,59.7306,56.415,3.3156,B,C,inferred_not_workbook_labeled
670,152,420,60.0302,56.366,3.6642,B,C,inferred_not_workbook_labeled
669,152,420,59.797,56.317,3.48,B,C,inferred_not_workbook_labeled
668,152,420,59.8518,56.266,3.5858,B,C,inferred_not_workbook_labeled
667,152,420,59.6493,56.214,3.4353,B,C,inferred_not_workbook_labeled
666,152,420,59.5782,56.161,3.4172,B,C,inferred_not_workbook_labeled
665,152,420,60.0754,56.106,3.9694,B,C,inferred_not_workbook_labeled
664,152,420,59.9144,56.05,3.8644,B,C,inferred_not_workbook_labeled
663,152,420,59.5382,55.993,3.5452,B,C,inferred_not_workbook_labeled
662,152,420,59.4251,55.935,3.4901,B,C,inferred_not_workbook_labeled
661,152,420,59.1308,55.875,3.2558,B,C,inferred_not_workbook_labeled
660,152,420,59.5184,55.814,3.7044,B,C,inferred_not_workbook_labeled
659,152,420,59.0616,55.751,3.3106,B,C,inferred_not_workbook_labeled
658,152,420,58.6754,55.688,2.9874,B,C,inferred_not_workbook_labeled
657,152,420,58.7595,55.622,3.1375,B,C,inferred_not_workbook_labeled
656,152,420,58.7457,55.556,3.1897,B,C,inferred_not_workbook_labeled
655,152,420,58.752,55.488,3.264,B,C,inferred_not_workbook_labeled
654,152,420,58.7749,55.418,3.3569,B,C,inferred_not_workbook_labeled
653,152,420,58.7816,55.347,3.4346,B,C,inferred_not_workbook_labeled
652,152,420,58.7904,55.274,3.5164,B,C,inferred_not_workbook_labeled
651,152,420,58.5162,55.2,3.3162,B,C,inferred_not_workbook_labeled
650,152,420,58.4201,55.125,3.2951,B,C,inferred_not_workbook_labeled
649,152,420,58.7033,55.047,3.6563,B,C,inferred_not_workbook_labeled
648,152,420,58.4382,54.968,3.4702,B,C,inferred_not_workbook_labeled
647,152,420,58.502,54.888,3.614,B,C,inferred_not_workbook_labeled
646,152,420,57.9685,54.806,3.1625,B,C,inferred_not_workbook_labeled
645,152,420,57.8017,54.722,3.0797,B,C,inferred_not_workbook_labeled
644,152,420,57.8749,54.636,3.2389,B,C,inferred_not_workbook_labeled
643,152,420,57.5858,54.548,3.0378,B,C,inferred_not_workbook_labeled
642,152,420,57.6722,54.459,3.2132,B,C,inferred_not_workbook_labeled
641,152,420,57.8379,54.367,3.4709,B,C,inferred_not_workbook_labeled
640,152,420,57.4864,54.274,3.2124,B,C,inferred_not_workbook_labeled
639,152,420,57.4766,54.179,3.2976,B,C,inferred_not_workbook_labeled
638,152,420,57.3185,54.082,3.2365,B,C,inferred_not_workbook_labeled
637,152,420,57.3769,53.982,3.3949,B,C,inferred_not_workbook_labeled
636,152,420,57.2485,53.881,3.3675,B,C,inferred_not_workbook_labeled
635,152,420,57.0517,53.777,3.2747,B,C,inferred_not_workbook_labeled
634,152,420,57.3296,53.671,3.6586,B,C,inferred_not_workbook_labeled
633,152,420,57.0156,53.563,3.4526,B,C,inferred_not_workbook_labeled
632,152,420,56.8781,53.453,3.4251,B,C,inferred_not_workbook_labeled
631,152,420,56.6834,53.34,3.3434,B,C,inferred_not_workbook_labeled
630,152,420,56.3205,53.225,3.0955,B,C,inferred_not_workbook_labeled
629,152,420,56.7032,53.107,3.5962,B,C,inferred_not_workbook_labeled
628,152,420,56.4765,52.987,3.4895,B,C,inferred_not_workbook_labeled
627,152,420,56.0412,52.865,3.1762,B,C,inferred_not_workbook_labeled
626,152,420,55.9786,52.74,3.2386,B,C,inferred_not_workbook_labeled
625,152,420,55.8384,52.612,3.2264,B,C,inferred_not_workbook_labeled
624,152,420,55.6746,52.481,3.1936,B,C,inferred_not_workbook_labeled
623,152,420,55.3859,52.348,3.0379,B,C,inferred_not_workbook_labeled
622,152,420,55.2334,52.212,3.0214,B,C,inferred_not_workbook_labeled
621,152,420,55.2438,52.074,3.1698,B,C,inferred_not_workbook_labeled
620,152,420,55.3392,51.932,3.4072,B,C,inferred_not_workbook_labeled
619,152,420,55.2814,51.788,3.4934,B,C,inferred_not_workbook_labeled
618,152,420,54.9385,51.64,3.2985,B,C,inferred_not_workbook_labeled
617,152,420,54.8433,51.49,3.3533,B,C,inferred_not_workbook_labeled
616,152,420,54.6984,51.336,3.3624,B,C,inferred_not_workbook_labeled
615,152,420,54.5386,51.18,3.3586,B,C,inferred_not_workbook_labeled
614,152,420,54.2612,51.021,3.2402,B,C,inferred_not_workbook_labeled
613,152,420,54.0825,50.858,3.2245,B,C,inferred_not_workbook_labeled
612,152,420,53.9873,50.692,3.2953,B,C,inferred_not_workbook_labeled
611,152,420,53.8657,50.523,3.3427,B,C,inferred_not_workbook_labeled
610,152,420,53.4182,50.351,3.0672,B,C,inferred_not_workbook_labeled
609,152,420,53.3378,50.175,3.1628,B,C,inferred_not_workbook_labeled
608,152,420,53.1466,49.997,3.1496,B,C,inferred_not_workbook_labeled
607,152,420,53.1425,49.815,3.3275,B,C,inferred_not_workbook_labeled
606,152,420,52.9929,49.629,3.3639,B,C,inferred_not_workbook_labeled
605,152,420,52.8927,49.44,3.4527,B,C,inferred_not_workbook_labeled
604,152,420,52.4266,49.248,3.1786,B,C,inferred_not_workbook_labeled
603,152,420,52.2397,49.053,3.1867,B,C,inferred_not_workbook_labeled
602,152,420,52.0341,48.854,3.1801,B,C,inferred_not_workbook_labeled
601,152,420,51.8787,48.651,3.2277,B,C,inferred_not_workbook_labeled
600,152,420,51.7692,48.445,3.3242,B,C,inferred_not_workbook_labeled
599,152,420,51.6436,48.235,3.4086,B,C,inferred_not_workbook_labeled
598,152,420,51.2785,48.022,3.2565,B,C,inferred_not_workbook_labeled
597,152,420,51.0571,47.805,3.2521,B,C,inferred_not_workbook_labeled
596,152,420,50.7575,47.585,3.1725,B,C,inferred_not_workbook_labeled
595,152,420,50.8033,47.361,3.4423,B,C,inferred_not_workbook_labeled
594,152,420,50.5517,47.133,3.4187,B,C,inferred_not_workbook_labeled
593,152,420,50.3192,46.902,3.4172,B,C,inferred_not_workbook_labeled
592,152,420,50.1463,46.667,3.4793,B,C,inferred_not_workbook_labeled
591,152,420,49.7288,46.428,3.3008,B,C,inferred_not_workbook_labeled
590,152,420,49.5545,46.186,3.3685,B,C,inferred_not_workbook_labeled
589,152,420,49.4121,45.939,3.4731,B,C,inferred_not_workbook_labeled
588,152,420,49.0886,45.689,3.3996,B,C,inferred_not_workbook_labeled
587,152,420,48.9333,45.436,3.4973,B,C,inferred_not_workbook_labeled
586,152,420,48.7157,45.178,3.5377,B,C,inferred_not_workbook_labeled
585,152,420,48.18,44.916,3.264,B,C,inferred_not_workbook_labeled
584,152,420,47.6462,44.651,2.9952,B,C,inferred_not_workbook_labeled
583,152,420,47.6213,44.381,3.2403,B,C,inferred_not_workbook_labeled
582,152,420,47.498,44.108,3.39,B,C,inferred_not_workbook_labeled
581,152,420,47.0215,43.83,3.1915,B,C,inferred_not_workbook_labeled
580,152,420,46.6851,43.549,3.1361,B,C,inferred_not_workbook_labeled
579,152,420,46.4645,43.263,3.2015,B,C,inferred_not_workbook_labeled
578,152,420,46.2852,42.973,3.3122,B,C,inferred_not_workbook_labeled
577,152,420,45.9873,42.679,3.3083,B,C,inferred_not_workbook_labeled
576,152,420,45.7131,42.381,3.3321,B,C,inferred_not_workbook_labeled
575,152,420,45.1894,42.079,3.1104,B,C,inferred_not_workbook_labeled
574,152,420,44.9441,41.773,3.1711,B,C,inferred_not_workbook_labeled
573,152,420,44.6338,41.462,3.1718,B,C,inferred_not_workbook_labeled
572,152,420,44.2774,41.146,3.1314,B,C,inferred_not_workbook_labeled
571,152,420,43.9585,40.826,3.1325,B,C,inferred_not_workbook_labeled
570,152,420,43.7329,40.502,3.2309,B,C,inferred_not_workbook_labeled
569,152,420,43.3511,40.174,3.1771,B,C,inferred_not_workbook_labeled
568,152,420,43.0376,39.84,3.1976,B,C,inferred_not_workbook_labeled
567,152,420,42.6972,39.503,3.1942,B,C,inferred_not_workbook_labeled
566,152,420,42.2442,39.16,3.0842,B,C,inferred_not_workbook_labeled
565,152,420,41.7962,38.813,2.9832,B,C,inferred_not_workbook_labeled
564,152,420,41.5181,38.461,3.0571,B,C,inferred_not_workbook_labeled
563,152,420,41.1301,38.104,3.0261,B,C,inferred_not_workbook_labeled
562,152,420,40.8719,37.743,3.1289,B,C,inferred_not_workbook_labeled
561,152,420,40.5479,37.376,3.1719,B,C,inferred_not_workbook_labeled
560,152,420,39.9155,37.005,2.9105,B,C,inferred_not_workbook_labeled
559,152,420,39.6328,36.629,3.0038,B,C,inferred_not_workbook_labeled
558,152,420,39.3132,36.247,3.0662,B,C,inferred_not_workbook_labeled
557,152,420,39.006,35.861,3.145,B,C,inferred_not_workbook_labeled
556,152,420,38.4111,35.47,2.9411,B,C,inferred_not_workbook_labeled
555,152,420,37.8906,35.074,2.8166,B,C,inferred_not_workbook_labeled
554,152,420,37.5972,34.673,2.9242,B,C,inferred_not_workbook_labeled
553,152,420,37.2219,34.266,2.9559,B,C,inferred_not_workbook_labeled
552,152,420,36.7461,33.855,2.8911,B,C,inferred_not_workbook_labeled
551,152,420,36.2821,33.438,2.8441,B,C,inferred_not_workbook_labeled
550,152,420,35.9243,33.017,2.9073,B,C,inferred_not_workbook_labeled
549,152,420,35.4956,32.591,2.9046,B,C,inferred_not_workbook_labeled
548,152,420,35.1353,32.159,2.9763,B,C,inferred_not_workbook_labeled
547,152,420,34.6606,31.723,2.9376,B,C,inferred_not_workbook_labeled
546,152,420,34.1964,31.281,2.9154,B,C,inferred_not_workbook_labeled
545,152,420,33.7368,30.835,2.9018,B,C,inferred_not_workbook_labeled
544,152,420,33.2735,30.384,2.8895,B,C,inferred_not_workbook_labeled
543,152,420,32.6659,29.929,2.7369,B,C,inferred_not_workbook_labeled
542,152,420,32.2009,29.468,2.7329,B,C,inferred_not_workbook_labeled
541,152,420,31.7331,29.003,2.7301,B,C,inferred_not_workbook_labeled
540,152,420,31.301,28.534,2.767,B,C,inferred_not_workbook_labeled
539,152,420,30.9681,28.061,2.9071,B,C,inferred_not_workbook_labeled
538,152,420,30.4505,27.583,2.8675,B,C,inferred_not_workbook_labeled
537,152,420,29.7746,27.101,2.6736,B,C,inferred_not_workbook_labeled
536,152,420,29.286,26.616,2.67,B,C,inferred_not_workbook_labeled
535,152,420,28.7953,26.127,2.6683,B,C,inferred_not_workbook_labeled
534,152,420,28.3167,25.634,2.6827,B,C,inferred_not_workbook_labeled
533,152,420,27.8306,25.138,2.6926,B,C,inferred_not_workbook_labeled
532,152,420,27.2949,24.639,2.6559,B,C,inferred_not_workbook_labeled
531,152,420,26.6657,24.138,2.5277,B,C,inferred_not_workbook_labeled
530,152,420,26.0734,23.634,2.4394,B,C,inferred_not_workbook_labeled
529,152,420,25.5477,23.127,2.4207,B,C,inferred_not_workbook_labeled
528,152,420,25.0868,22.619,2.4678,B,C,inferred_not_workbook_labeled
527,152,420,24.5414,22.109,2.4324,B,C,inferred_not_workbook_labeled
526,152,420,23.9055,21.598,2.3075,B,C,inferred_not_workbook_labeled
525,152,420,23.3486,21.086,2.2626,B,C,inferred_not_workbook_labeled
524,152,420,22.915,20.573,2.342,B,C,inferred_not_workbook_labeled
523,152,420,22.3038,20.06,2.2438,B,C,inferred_not_workbook_labeled
522,152,420,21.6143,19.548,2.0663,B,C,inferred_not_workbook_labeled
521,152,420,20.9709,19.036,1.9349,B,C,inferred_not_workbook_labeled
520,152,420,20.6147,18.525,2.0897,B,C,inferred_not_workbook_labeled
519,152,420,20.0417,18.016,2.0257,B,C,inferred_not_workbook_labeled
518,152,420,19.5106,17.509,2.0016,B,C,inferred_not_workbook_labeled
517,152,420,19.1162,17.004,2.1122,B,C,inferred_not_workbook_labeled
516,152,420,18.3286,16.502,1.8266,B,C,inferred_not_workbook_labeled
515,152,420,17.6479,16.004,1.6439,B,C,inferred_not_workbook_labeled
514,152,420,17.1577,15.511,1.6467,B,C,inferred_not_workbook_labeled
513,152,420,16.4879,15.022,1.4659,B,C,inferred_not_workbook_labeled
512,152,420,15.8734,14.538,1.3354,B,C,inferred_not_workbook_labeled
511,152,420,15.3338,14.06,1.2738,B,C,inferred_not_workbook_labeled
510,152,420,14.875,13.589,1.286,B,C,inferred_not_workbook_labeled
509,152,420,14.3132,13.125,1.1882,B,C,inferred_not_workbook_labeled
508,152,420,13.8211,12.669,1.1521,B,C,inferred_not_workbook_labeled
507,152,420,13.3317,12.222,1.1097,B,C,inferred_not_workbook_labeled
506,152,420,12.7027,11.784,0.9187,B,C,inferred_not_workbook_labeled
505,152,420,12.2498,11.356,0.8938,B,C,inferred_not_workbook_labeled
504,152,420,11.7287,10.938,0.7907,B,C,inferred_not_workbook_labeled
503,152,420,11.2414,10.532,0.7094,B,C,inferred_not_workbook_labeled
502,152,420,10.7286,10.138,0.5906,B,C,inferred_not_workbook_labeled
501,152,420,10.1903,9.757,0.4333,B,C,inferred_not_workbook_labeled
500,152,420,9.67212,9.39,0.28212,B,C,inferred_not_workbook_labeled
499,152,420,9.26694,9.037,0.22994,B,C,inferred_not_workbook_labeled
498,152,420,8.8029,8.699,0.1039,B,C,inferred_not_workbook_labeled
497,152,420,8.34165,8.376,-0.03435,B,C,inferred_not_workbook_labeled
496,152,420,7.89024,8.071,-0.18076,B,C,inferred_not_workbook_labeled
495,152,420,7.47133,7.783,-0.31167,B,C,inferred_not_workbook_labeled
494,152,420,7.13189,7.513,-0.38111,B,C,inferred_not_workbook_labeled
493,152,420,6.77323,7.261,-0.48777,B,C,inferred_not_workbook_labeled
492,152,420,6.39732,7.03,-0.63268,B,C,inferred_not_workbook_labeled
491,152,420,6.03828,6.818,-0.77972,B,C,inferred_not_workbook_labeled
490,152,420,5.7205,6.627,-0.9065,B,C,inferred_not_workbook_labeled
489,152,420,5.41015,6.458,-1.04785,B,C,inferred_not_workbook_labeled
488,152,420,5.07206,6.311,-1.23894,B,C,inferred_not_workbook_labeled
487,152,420,4.8174,6.187,-1.3696,B,C,inferred_not_workbook_labeled
486,152,420,4.6325,6.086,-1.4535,B,C,inferred_not_workbook_labeled
485,152,420,4.38373,6.009,-1.62527,B,C,inferred_not_workbook_labeled
484,152,420,4.18709,5.956,-1.76891,B,C,inferred_not_workbook_labeled
483,152,420,4.01451,5.928,-1.91349,B,C,inferred_not_workbook_labeled
482,152,420,3.88066,5.926,-2.04534,B,C,inferred_not_workbook_labeled
481,152,420,3.70791,5.949,-2.24109,B,C,inferred_not_workbook_labeled
480,152,420,3.66878,5.998,-2.32922,B,C,inferred_not_workbook_labeled
479,152,420,3.60122,6.073,-2.47178,B,C,inferred_not_workbook_labeled
478,152,420,3.58058,6.174,-2.59342,B,C,inferred_not_workbook_labeled
477,152,420,3.53647,6.303,-2.76653,B,C,inferred_not_workbook_labeled
476,152,420,3.55848,6.458,-2.89952,B,C,inferred_not_workbook_labeled
475,152,420,3.59262,6.639,-3.04638,B,C,inferred_not_workbook_labeled
474,152,420,3.70742,6.848,-3.14058,B,C,inferred_not_workbook_labeled
473,152,420,3.80125,7.083,-3.28175,B,C,inferred_not_workbook_labeled
472,152,420,3.93592,7.345,-3.40908,B,C,inferred_not_workbook_labeled
471,152,420,4.17386,7.633,-3.45914,B,C,inferred_not_workbook_labeled
470,152,420,4.38297,7.947,-3.56403,B,C,inferred_not_workbook_labeled
469,152,420,4.60568,8.287,-3.68132,B,C,inferred_not_workbook_labeled
468,152,420,4.84756,8.653,-3.80544,B,C,inferred_not_workbook_labeled
467,152,420,5.1714,9.043,-3.8716,B,C,inferred_not_workbook_labeled
466,152,420,5.53905,9.458,-3.91895,B,C,inferred_not_workbook_labeled
465,152,420,5.89585,9.897,-4.00115,B,C,inferred_not_workbook_labeled
464,152,420,6.35379,10.359,-4.00521,B,C,inferred_not_workbook_labeled
463,152,420,6.75244,10.843,-4.09056,B,C,inferred_not_workbook_labeled
462,152,420,7.17676,11.349,-4.17224,B,C,inferred_not_workbook_labeled
461,152,420,7.68788,11.877,-4.18912,B,C,inferred_not_workbook_labeled
460,152,420,8.18821,12.425,-4.23679,B,C,inferred_not_workbook_labeled
459,152,420,8.71806,12.992,-4.27394,B,C,inferred_not_workbook_labeled
458,152,420,9.28088,13.577,-4.29612,B,C,inferred_not_workbook_labeled
457,152,420,9.89473,14.181,-4.28627,B,C,inferred_not_workbook_labeled
456,152,420,10.4964,14.801,-4.3046,B,C,inferred_not_workbook_labeled
455,152,420,11.1416,15.437,-4.2954,B,C,inferred_not_workbook_labeled
454,152,420,11.8242,16.087,-4.2628,B,C,inferred_not_workbook_labeled
453,152,420,12.5735,16.751,-4.1775,B,C,inferred_not_workbook_labeled
452,152,420,13.1005,17.429,-4.3285,B,C,inferred_not_workbook_labeled
451,152,420,13.7931,18.117,-4.3239,B,C,inferred_not_workbook_labeled
450,152,420,14.5968,18.817,-4.2202,B,C,inferred_not_workbook_labeled
449,152,420,15.2876,19.526,-4.2384,B,C,inferred_not_workbook_labeled
448,152,420,16.1152,20.244,-4.1288,B,C,inferred_not_workbook_labeled
447,152,420,16.8754,20.97,-4.0946,B,C,inferred_not_workbook_labeled
446,152,420,17.7223,21.703,-3.9807,B,C,inferred_not_workbook_labeled
445,152,420,18.6841,22.442,-3.7579,B,C,inferred_not_workbook_labeled
444,152,420,19.4845,23.186,-3.7015,B,C,inferred_not_workbook_labeled
443,152,420,20.1615,23.934,-3.7725,B,C,inferred_not_workbook_labeled
442,152,420,20.9944,24.686,-3.6916,B,C,inferred_not_workbook_labeled
441,152,420,21.8715,25.44,-3.5685,B,C,inferred_not_workbook_labeled
440,152,420,22.6949,26.196,-3.5011,B,C,inferred_not_workbook_labeled
439,152,420,23.603,26.953,-3.35,B,C,inferred_not_workbook_labeled
438,152,420,24.4353,27.71,-3.2747,B,C,inferred_not_workbook_labeled
437,152,420,25.0498,28.467,-3.4172,B,C,inferred_not_workbook_labeled
436,152,420,26.0179,29.222,-3.2041,B,C,inferred_not_workbook_labeled
435,152,420,26.9702,29.976,-3.0058,B,C,inferred_not_workbook_labeled
434,152,420,27.846,30.728,-2.882,B,C,inferred_not_workbook_labeled
433,152,420,28.705,31.476,-2.771,B,C,inferred_not_workbook_labeled
432,152,420,29.4862,32.221,-2.7348,B,C,inferred_not_workbook_labeled
431,152,420,30.4167,32.962,-2.5453,B,C,inferred_not_workbook_labeled
430,152,420,31.466,33.698,-2.232,B,C,inferred_not_workbook_labeled
429,152,420,32.2543,34.429,-2.1747,B,C,inferred_not_workbook_labeled
428,152,420,33.0189,35.154,-2.1351,B,C,inferred_not_workbook_labeled
427,152,420,33.7998,35.873,-2.0732,B,C,inferred_not_workbook_labeled
426,152,420,34.5192,36.585,-2.0658,B,C,inferred_not_workbook_labeled
425,152,420,35.669,37.289,-1.62,B,C,inferred_not_workbook_labeled
424,152,420,36.4112,37.986,-1.5748,B,C,inferred_not_workbook_labeled
423,152,420,37.2224,38.674,-1.4516,B,C,inferred_not_workbook_labeled
422,152,420,37.9303,39.352,-1.4217,B,C,inferred_not_workbook_labeled
421,152,420,38.6709,40.021,-1.3501,B,C,inferred_not_workbook_labeled
420,152,420,39.6934,40.68,-0.9866,B,C,inferred_not_workbook_labeled
419,152,420,40.3759,41.328,-0.9521,B,C,inferred_not_workbook_labeled
418,152,420,41.0196,41.964,-0.9444,B,C,inferred_not_workbook_labeled
417,152,420,41.7693,42.589,-0.8197,B,C,inferred_not_workbook_labeled
416,152,420,42.4397,43.201,-0.7613,B,C,inferred_not_workbook_labeled
415,152,420,43.2401,43.8,-0.5599,B,C,inferred_not_workbook_labeled
414,152,420,43.6517,44.385,-0.7333,B,C,inferred_not_workbook_labeled
413,152,420,44.4409,44.956,-0.5151,B,C,inferred_not_workbook_labeled
412,152,420,45.233,45.513,-0.28,B,C,inferred_not_workbook_labeled
411,152,420,45.6795,46.055,-0.3755,B,C,inferred_not_workbook_labeled
410,152,420,46.2138,46.581,-0.3672,B,C,inferred_not_workbook_labeled
409,152,420,47.1764,47.091,0.0854,B,C,inferred_not_workbook_labeled
408,152,420,47.6352,47.585,0.0502,B,C,inferred_not_workbook_labeled
407,152,420,48.1825,48.063,0.1195,B,C,inferred_not_workbook_labeled
406,152,420,48.4593,48.523,-0.0637,B,C,inferred_not_workbook_labeled
405,152,420,48.8377,48.967,-0.1293,B,C,inferred_not_workbook_labeled
404,152,420,49.2491,49.394,-0.1449,B,C,inferred_not_workbook_labeled
403,152,420,49.9687,49.804,0.1647,B,C,inferred_not_workbook_labeled
402,152,420,50.3423,50.197,0.1453,B,C,inferred_not_workbook_labeled
401,152,420,50.7075,50.572,0.1355,B,C,inferred_not_workbook_labeled
400,152,420,51.3758,50.931,0.4448,B,C,inferred_not_workbook_labeled
399,152,420,51.4593,51.272,0.1873,B,C,inferred_not_workbook_labeled
398,152,420,52.183,51.597,0.586,B,C,inferred_not_workbook_labeled
397,152,420,52.5815,51.906,0.6755,B,C,inferred_not_workbook_labeled
396,152,420,52.8596,52.197,0.6626,B,C,inferred_not_workbook_labeled
395,152,420,53.0895,52.473,0.6165,B,C,inferred_not_workbook_labeled
394,152,420,52.9739,52.733,0.2409,B,C,inferred_not_workbook_labeled
393,152,420,53.4424,52.976,0.4664,B,C,inferred_not_workbook_labeled
392,152,420,53.9774,53.204,0.7734,B,C,inferred_not_workbook_labeled
391,152,420,54.1772,53.415,0.7622,B,C,inferred_not_workbook_labeled
390,152,420,53.8992,53.611,0.2882,B,C,inferred_not_workbook_labeled
389,152,420,54.4964,53.791,0.7054,B,C,inferred_not_workbook_labeled
388,152,420,55.1036,53.955,1.1486,B,C,inferred_not_workbook_labeled
387,152,420,54.5369,54.102,0.4349,B,C,inferred_not_workbook_labeled
386,152,420,54.4865,54.233,0.2535,B,C,inferred_not_workbook_labeled
385,152,420,54.2014,54.346,-0.1446,B,C,inferred_not_workbook_labeled
384,152,420,54.2902,54.442,-0.1518,B,C,inferred_not_workbook_labeled
383,152,420,53.8509,54.519,-0.6681,B,C,inferred_not_workbook_labeled
382,152,420,54.7353,54.577,0.1583,B,C,inferred_not_workbook_labeled
381,152,420,54.5034,54.614,-0.1106,B,C,inferred_not_workbook_labeled
380,152,420,53.987,54.631,-0.644,B,C,inferred_not_workbook_labeled
379,152,420,54.1643,54.626,-0.4617,B,C,inferred_not_workbook_labeled
378,152,420,53.6882,54.597,-0.9088,B,C,inferred_not_workbook_labeled
377,152,420,53.6123,54.544,-0.9317,B,C,inferred_not_workbook_labeled
376,152,420,53.296,54.466,-1.17,B,C,inferred_not_workbook_labeled
375,152,420,52.0885,54.361,-2.2725,B,C,inferred_not_workbook_labeled
374,152,420,51.6419,54.229,-2.5871,B,C,inferred_not_workbook_labeled
373,152,420,51.2984,54.068,-2.7696,B,C,inferred_not_workbook_labeled
372,152,420,51.3572,53.878,-2.5208,B,C,inferred_not_workbook_labeled
371,152,420,50.5325,53.658,-3.1255,B,C,inferred_not_workbook_labeled
370,152,420,49.7395,53.407,-3.6675,B,C,inferred_not_workbook_labeled
369,152,420,48.4688,53.124,-4.6552,B,C,inferred_not_workbook_labeled
368,152,420,47.4973,52.809,-5.3117,B,C,inferred_not_workbook_labeled
367,152,420,47.2849,52.461,-5.1761,B,C,inferred_not_workbook_labeled
366,152,420,45.8061,52.08,-6.2739,B,C,inferred_not_workbook_labeled
365,152,420,45.1257,51.665,-6.5393,B,C,inferred_not_workbook_labeled
364,152,420,44.2387,51.218,-6.9793,B,C,inferred_not_workbook_labeled
363,152,420,42.9598,50.736,-7.7762,B,C,inferred_not_workbook_labeled
362,152,420,41.2371,50.221,-8.9839,B,C,inferred_not_workbook_labeled
361,152,420,39.8414,49.672,-9.8306,B,C,inferred_not_workbook_labeled
360,152,420,38.5243,49.088,-10.5637,B,C,inferred_not_workbook_labeled
359,152,420,37.352,48.47,-11.118,B,C,inferred_not_workbook_labeled
358,152,420,35.9019,47.816,-11.9141,B,C,inferred_not_workbook_labeled
357,152,420,34.0619,47.126,-13.0641,B,C,inferred_not_workbook_labeled
356,152,420,31.9939,46.399,-14.4051,B,C,inferred_not_workbook_labeled
355,152,420,30.2489,45.634,-15.3851,B,C,inferred_not_workbook_labeled
354,152,420,28.7786,44.828,-16.0494,B,C,inferred_not_workbook_labeled
353,152,420,26.7294,43.98,-17.2506,B,C,inferred_not_workbook_labeled
352,152,420,25.1453,43.088,-17.9427,B,C,inferred_not_workbook_labeled
351,152,420,23.5459,42.15,-18.6041,B,C,inferred_not_workbook_labeled
350,152,420,21.0307,41.162,-20.1313,B,C,inferred_not_workbook_labeled
780,163,350,62.3065,57.43,4.8765,D,E,inferred_not_workbook_labeled
779,163,350,61.8178,57.439,4.3788,D,E,inferred_not_workbook_labeled
778,163,350,62.1211,57.447,4.6741,D,E,inferred_not_workbook_labeled
777,163,350,62.1596,57.454,4.7056,D,E,inferred_not_workbook_labeled
776,163,350,61.8708,57.461,4.4098,D,E,inferred_not_workbook_labeled
775,163,350,61.6749,57.467,4.2079,D,E,inferred_not_workbook_labeled
774,163,350,61.8928,57.473,4.4198,D,E,inferred_not_workbook_labeled
773,163,350,62.0395,57.478,4.5615,D,E,inferred_not_workbook_labeled
772,163,350,61.8428,57.482,4.3608,D,E,inferred_not_workbook_labeled
771,163,350,62.3268,57.486,4.8408,D,E,inferred_not_workbook_labeled
770,163,350,62.1286,57.489,4.6396,D,E,inferred_not_workbook_labeled
769,163,350,61.8995,57.491,4.4085,D,E,inferred_not_workbook_labeled
768,163,350,61.5718,57.493,4.0788,D,E,inferred_not_workbook_labeled
767,163,350,61.7365,57.494,4.2425,D,E,inferred_not_workbook_labeled
766,163,350,61.7673,57.495,4.2723,D,E,inferred_not_workbook_labeled
765,163,350,62.0655,57.495,4.5705,D,E,inferred_not_workbook_labeled
764,163,350,62.1442,57.494,4.6502,D,E,inferred_not_workbook_labeled
763,163,350,61.3237,57.493,3.8307,D,E,inferred_not_workbook_labeled
762,163,350,61.476,57.491,3.985,D,E,inferred_not_workbook_labeled
761,163,350,61.7924,57.488,4.3044,D,E,inferred_not_workbook_labeled
760,163,350,61.4259,57.485,3.9409,D,E,inferred_not_workbook_labeled
759,163,350,61.8566,57.481,4.3756,D,E,inferred_not_workbook_labeled
758,163,350,62.1169,57.476,4.6409,D,E,inferred_not_workbook_labeled
757,163,350,61.5338,57.471,4.0628,D,E,inferred_not_workbook_labeled
756,163,350,61.8336,57.465,4.3686,D,E,inferred_not_workbook_labeled
755,163,350,62.0233,57.458,4.5653,D,E,inferred_not_workbook_labeled
754,163,350,61.4094,57.451,3.9584,D,E,inferred_not_workbook_labeled
753,163,350,61.12,57.443,3.677,D,E,inferred_not_workbook_labeled
752,163,350,61.5442,57.434,4.1102,D,E,inferred_not_workbook_labeled
751,163,350,62.0533,57.425,4.6283,D,E,inferred_not_workbook_labeled
750,163,350,61.0598,57.414,3.6458,D,E,inferred_not_workbook_labeled
749,163,350,61.749,57.404,4.345,D,E,inferred_not_workbook_labeled
748,163,350,61.5563,57.392,4.1643,D,E,inferred_not_workbook_labeled
747,163,350,61.7077,57.38,4.3277,D,E,inferred_not_workbook_labeled
746,163,350,62.1359,57.367,4.7689,D,E,inferred_not_workbook_labeled
745,163,350,61.7979,57.354,4.4439,D,E,inferred_not_workbook_labeled
744,163,350,61.911,57.339,4.572,D,E,inferred_not_workbook_labeled
743,163,350,61.3226,57.325,3.9976,D,E,inferred_not_workbook_labeled
742,163,350,61.318,57.309,4.009,D,E,inferred_not_workbook_labeled
741,163,350,61.5237,57.293,4.2307,D,E,inferred_not_workbook_labeled
740,163,350,61.7632,57.275,4.4882,D,E,inferred_not_workbook_labeled
739,163,350,61.3721,57.257,4.1151,D,E,inferred_not_workbook_labeled
738,163,350,61.7302,57.239,4.4912,D,E,inferred_not_workbook_labeled
737,163,350,61.6263,57.22,4.4063,D,E,inferred_not_workbook_labeled
736,163,350,61.5014,57.2,4.3014,D,E,inferred_not_workbook_labeled
735,163,350,61.7584,57.179,4.5794,D,E,inferred_not_workbook_labeled
734,163,350,61.5478,57.157,4.3908,D,E,inferred_not_workbook_labeled
733,163,350,61.5067,57.135,4.3717,D,E,inferred_not_workbook_labeled
732,163,350,61.5333,57.111,4.4223,D,E,inferred_not_workbook_labeled
731,163,350,61.6232,57.087,4.5362,D,E,inferred_not_workbook_labeled
730,163,350,61.2294,57.063,4.1664,D,E,inferred_not_workbook_labeled
729,163,350,61.2901,57.037,4.2531,D,E,inferred_not_workbook_labeled
728,163,350,61.197,57.011,4.186,D,E,inferred_not_workbook_labeled
727,163,350,60.6407,56.983,3.6577,D,E,inferred_not_workbook_labeled
726,163,350,60.9407,56.955,3.9857,D,E,inferred_not_workbook_labeled
725,163,350,61.3809,56.926,4.4549,D,E,inferred_not_workbook_labeled
724,163,350,61.2461,56.896,4.3501,D,E,inferred_not_workbook_labeled
723,163,350,61.3837,56.866,4.5177,D,E,inferred_not_workbook_labeled
722,163,350,61.1757,56.834,4.3417,D,E,inferred_not_workbook_labeled
721,163,350,61.0561,56.801,4.2551,D,E,inferred_not_workbook_labeled
720,163,350,60.8606,56.768,4.0926,D,E,inferred_not_workbook_labeled
719,163,350,60.83,56.734,4.096,D,E,inferred_not_workbook_labeled
718,163,350,60.8477,56.698,4.1497,D,E,inferred_not_workbook_labeled
717,163,350,60.6836,56.662,4.0216,D,E,inferred_not_workbook_labeled
716,163,350,61.1259,56.624,4.5019,D,E,inferred_not_workbook_labeled
715,163,350,61.1076,56.586,4.5216,D,E,inferred_not_workbook_labeled
714,163,350,60.6049,56.546,4.0589,D,E,inferred_not_workbook_labeled
713,163,350,60.8068,56.506,4.3008,D,E,inferred_not_workbook_labeled
712,163,350,60.8737,56.464,4.4097,D,E,inferred_not_workbook_labeled
711,163,350,60.9856,56.422,4.5636,D,E,inferred_not_workbook_labeled
710,163,350,60.6862,56.378,4.3082,D,E,inferred_not_workbook_labeled
709,163,350,60.2619,56.333,3.9289,D,E,inferred_not_workbook_labeled
708,163,350,60.5023,56.287,4.2153,D,E,inferred_not_workbook_labeled
707,163,350,60.1372,56.24,3.8972,D,E,inferred_not_workbook_labeled
706,163,350,60.516,56.191,4.325,D,E,inferred_not_workbook_labeled
705,163,350,60.5336,56.142,4.3916,D,E,inferred_not_workbook_labeled
704,163,350,60.5446,56.091,4.4536,D,E,inferred_not_workbook_labeled
703,163,350,60.5678,56.039,4.5288,D,E,inferred_not_workbook_labeled
702,163,350,60.2278,55.985,4.2428,D,E,inferred_not_workbook_labeled
701,163,350,60.1697,55.93,4.2397,D,E,inferred_not_workbook_labeled
700,163,350,59.9225,55.874,4.0485,D,E,inferred_not_workbook_labeled
699,163,350,59.2168,55.817,3.3998,D,E,inferred_not_workbook_labeled
698,163,350,59.6938,55.758,3.9358,D,E,inferred_not_workbook_labeled
697,163,350,60.1852,55.698,4.4872,D,E,inferred_not_workbook_labeled
696,163,350,60.04,55.637,4.403,D,E,inferred_not_workbook_labeled
695,163,350,60.0101,55.573,4.4371,D,E,inferred_not_workbook_labeled
694,163,350,59.5851,55.509,4.0761,D,E,inferred_not_workbook_labeled
693,163,350,59.0005,55.443,3.5575,D,E,inferred_not_workbook_labeled
692,163,350,59.0801,55.376,3.7041,D,E,inferred_not_workbook_labeled
691,163,350,59.15,55.307,3.843,D,E,inferred_not_workbook_labeled
690,163,350,59.1045,55.236,3.8685,D,E,inferred_not_workbook_labeled
689,163,350,59.2759,55.164,4.1119,D,E,inferred_not_workbook_labeled
688,163,350,59.288,55.091,4.197,D,E,inferred_not_workbook_labeled
687,163,350,59.3043,55.015,4.2893,D,E,inferred_not_workbook_labeled
686,163,350,59.2067,54.939,4.2677,D,E,inferred_not_workbook_labeled
685,163,350,58.8073,54.86,3.9473,D,E,inferred_not_workbook_labeled
684,163,350,58.7513,54.78,3.9713,D,E,inferred_not_workbook_labeled
683,163,350,58.6638,54.698,3.9658,D,E,inferred_not_workbook_labeled
682,163,350,58.8556,54.614,4.2416,D,E,inferred_not_workbook_labeled
681,163,350,58.5159,54.529,3.9869,D,E,inferred_not_workbook_labeled
680,163,350,58.9372,54.442,4.4952,D,E,inferred_not_workbook_labeled
679,163,350,58.6336,54.353,4.2806,D,E,inferred_not_workbook_labeled
678,163,350,58.6463,54.262,4.3843,D,E,inferred_not_workbook_labeled
677,163,350,58.506,54.17,4.336,D,E,inferred_not_workbook_labeled
676,163,350,58.2492,54.075,4.1742,D,E,inferred_not_workbook_labeled
675,163,350,58.0068,53.979,4.0278,D,E,inferred_not_workbook_labeled
674,163,350,58.0892,53.881,4.2082,D,E,inferred_not_workbook_labeled
673,163,350,58.1519,53.781,4.3709,D,E,inferred_not_workbook_labeled
672,163,350,58.2812,53.679,4.6022,D,E,inferred_not_workbook_labeled
671,163,350,57.8085,53.575,4.2335,D,E,inferred_not_workbook_labeled
670,163,350,57.352,53.469,3.883,D,E,inferred_not_workbook_labeled
669,163,350,57.228,53.361,3.867,D,E,inferred_not_workbook_labeled
668,163,350,57.0127,53.251,3.7617,D,E,inferred_not_workbook_labeled
667,163,350,57.2358,53.139,4.0968,D,E,inferred_not_workbook_labeled
666,163,350,57.4748,53.026,4.4488,D,E,inferred_not_workbook_labeled
665,163,350,57.0608,52.909,4.1518,D,E,inferred_not_workbook_labeled
664,163,350,56.8125,52.791,4.0215,D,E,inferred_not_workbook_labeled
663,163,350,56.6144,52.671,3.9434,D,E,inferred_not_workbook_labeled
662,163,350,56.8228,52.549,4.2738,D,E,inferred_not_workbook_labeled
661,163,350,56.6456,52.424,4.2216,D,E,inferred_not_workbook_labeled
660,163,350,56.3955,52.298,4.0975,D,E,inferred_not_workbook_labeled
659,163,350,56.0781,52.169,3.9091,D,E,inferred_not_workbook_labeled
658,163,350,55.8335,52.038,3.7955,D,E,inferred_not_workbook_labeled
657,163,350,55.5742,51.904,3.6702,D,E,inferred_not_workbook_labeled
656,163,350,55.712,51.769,3.943,D,E,inferred_not_workbook_labeled
655,163,350,55.7816,51.631,4.1506,D,E,inferred_not_workbook_labeled
654,163,350,55.5519,51.49,4.0619,D,E,inferred_not_workbook_labeled
653,163,350,55.5411,51.348,4.1931,D,E,inferred_not_workbook_labeled
652,163,350,55.1942,51.203,3.9912,D,E,inferred_not_workbook_labeled
651,163,350,55.1227,51.055,4.0677,D,E,inferred_not_workbook_labeled
650,163,350,55.1748,50.905,4.2698,D,E,inferred_not_workbook_labeled
649,163,350,54.9692,50.753,4.2162,D,E,inferred_not_workbook_labeled
648,163,350,54.8774,50.598,4.2794,D,E,inferred_not_workbook_labeled
647,163,350,54.7411,50.44,4.3011,D,E,inferred_not_workbook_labeled
646,163,350,54.5105,50.28,4.2305,D,E,inferred_not_workbook_labeled
645,163,350,54.4023,50.118,4.2843,D,E,inferred_not_workbook_labeled
644,163,350,54.2327,49.953,4.2797,D,E,inferred_not_workbook_labeled
643,163,350,53.8504,49.785,4.0654,D,E,inferred_not_workbook_labeled
642,163,350,53.7411,49.614,4.1271,D,E,inferred_not_workbook_labeled
641,163,350,53.468,49.441,4.027,D,E,inferred_not_workbook_labeled
640,163,350,53.4834,49.265,4.2184,D,E,inferred_not_workbook_labeled
639,163,350,53.1982,49.085,4.1132,D,E,inferred_not_workbook_labeled
638,163,350,53.0392,48.904,4.1352,D,E,inferred_not_workbook_labeled
637,163,350,52.9272,48.719,4.2082,D,E,inferred_not_workbook_labeled
636,163,350,52.7093,48.531,4.1783,D,E,inferred_not_workbook_labeled
635,163,350,52.2182,48.34,3.8782,D,E,inferred_not_workbook_labeled
634,163,350,52.25,48.147,4.103,D,E,inferred_not_workbook_labeled
633,163,350,52.122,47.95,4.172,D,E,inferred_not_workbook_labeled
632,163,350,51.8878,47.75,4.1378,D,E,inferred_not_workbook_labeled
631,163,350,51.4939,47.547,3.9469,D,E,inferred_not_workbook_labeled
630,163,350,51.4359,47.341,4.0949,D,E,inferred_not_workbook_labeled
629,163,350,51.4673,47.132,4.3353,D,E,inferred_not_workbook_labeled
628,163,350,51.2372,46.919,4.3182,D,E,inferred_not_workbook_labeled
627,163,350,51.0339,46.703,4.3309,D,E,inferred_not_workbook_labeled
626,163,350,50.6084,46.484,4.1244,D,E,inferred_not_workbook_labeled
625,163,350,50.1883,46.261,3.9273,D,E,inferred_not_workbook_labeled
624,163,350,49.8922,46.035,3.8572,D,E,inferred_not_workbook_labeled
623,163,350,49.7764,45.805,3.9714,D,E,inferred_not_workbook_labeled
622,163,350,49.5126,45.571,3.9416,D,E,inferred_not_workbook_labeled
621,163,350,49.3543,45.335,4.0193,D,E,inferred_not_workbook_labeled
620,163,350,49.1075,45.094,4.0135,D,E,inferred_not_workbook_labeled
619,163,350,49.078,44.85,4.228,D,E,inferred_not_workbook_labeled
618,163,350,48.9567,44.602,4.3547,D,E,inferred_not_workbook_labeled
617,163,350,48.6088,44.351,4.2578,D,E,inferred_not_workbook_labeled
616,163,350,48.0904,44.095,3.9954,D,E,inferred_not_workbook_labeled
615,163,350,48.0317,43.836,4.1957,D,E,inferred_not_workbook_labeled
614,163,350,47.9278,43.573,4.3548,D,E,inferred_not_workbook_labeled
613,163,350,47.5107,43.306,4.2047,D,E,inferred_not_workbook_labeled
612,163,350,47.2521,43.035,4.2171,D,E,inferred_not_workbook_labeled
611,163,350,46.938,42.761,4.177,D,E,inferred_not_workbook_labeled
610,163,350,46.7666,42.482,4.2846,D,E,inferred_not_workbook_labeled
609,163,350,46.2742,42.199,4.0752,D,E,inferred_not_workbook_labeled
608,163,350,45.945,41.912,4.033,D,E,inferred_not_workbook_labeled
607,163,350,45.5654,41.621,3.9444,D,E,inferred_not_workbook_labeled
606,163,350,45.2817,41.326,3.9557,D,E,inferred_not_workbook_labeled
605,163,350,45.0941,41.027,4.0671,D,E,inferred_not_workbook_labeled
604,163,350,44.8773,40.724,4.1533,D,E,inferred_not_workbook_labeled
603,163,350,44.4553,40.416,4.0393,D,E,inferred_not_workbook_labeled
602,163,350,44.2962,40.104,4.1922,D,E,inferred_not_workbook_labeled
601,163,350,43.7753,39.788,3.9873,D,E,inferred_not_workbook_labeled
600,163,350,43.7387,39.468,4.2707,D,E,inferred_not_workbook_labeled
599,163,350,43.4499,39.143,4.3069,D,E,inferred_not_workbook_labeled
598,163,350,43.0354,38.814,4.2214,D,E,inferred_not_workbook_labeled
597,163,350,42.474,38.481,3.993,D,E,inferred_not_workbook_labeled
596,163,350,42.333,38.144,4.189,D,E,inferred_not_workbook_labeled
595,163,350,41.9296,37.802,4.1276,D,E,inferred_not_workbook_labeled
594,163,350,41.5696,37.456,4.1136,D,E,inferred_not_workbook_labeled
593,163,350,41.2743,37.106,4.1683,D,E,inferred_not_workbook_labeled
592,163,350,40.815,36.751,4.064,D,E,inferred_not_workbook_labeled
591,163,350,40.4719,36.392,4.0799,D,E,inferred_not_workbook_labeled
590,163,350,40.3228,36.028,4.2948,D,E,inferred_not_workbook_labeled
589,163,350,39.8653,35.661,4.2043,D,E,inferred_not_workbook_labeled
588,163,350,39.5241,35.289,4.2351,D,E,inferred_not_workbook_labeled
587,163,350,38.9959,34.913,4.0829,D,E,inferred_not_workbook_labeled
586,163,350,38.7524,34.532,4.2204,D,E,inferred_not_workbook_labeled
585,163,350,38.4703,34.147,4.3233,D,E,inferred_not_workbook_labeled
584,163,350,37.919,33.759,4.16,D,E,inferred_not_workbook_labeled
583,163,350,37.535,33.365,4.17,D,E,inferred_not_workbook_labeled
582,163,350,37.1378,32.968,4.1698,D,E,inferred_not_workbook_labeled
581,163,350,36.68,32.567,4.113,D,E,inferred_not_workbook_labeled
580,163,350,36.3346,32.161,4.1736,D,E,inferred_not_workbook_labeled
579,163,350,35.8177,31.752,4.0657,D,E,inferred_not_workbook_labeled
578,163,350,35.4336,31.338,4.0956,D,E,inferred_not_workbook_labeled
577,163,350,35.0508,30.921,4.1298,D,E,inferred_not_workbook_labeled
576,163,350,34.6724,30.5,4.1724,D,E,inferred_not_workbook_labeled
575,163,350,34.3082,30.074,4.2342,D,E,inferred_not_workbook_labeled
574,163,350,33.899,29.646,4.253,D,E,inferred_not_workbook_labeled
573,163,350,33.1732,29.213,3.9602,D,E,inferred_not_workbook_labeled
572,163,350,32.6544,28.777,3.8774,D,E,inferred_not_workbook_labeled
571,163,350,32.2891,28.338,3.9511,D,E,inferred_not_workbook_labeled
570,163,350,31.7109,27.895,3.8159,D,E,inferred_not_workbook_labeled
569,163,350,31.081,27.449,3.632,D,E,inferred_not_workbook_labeled
568,163,350,30.8343,26.999,3.8353,D,E,inferred_not_workbook_labeled
567,163,350,30.4496,26.547,3.9026,D,E,inferred_not_workbook_labeled
566,163,350,29.9345,26.092,3.8425,D,E,inferred_not_workbook_labeled
565,163,350,29.5607,25.634,3.9267,D,E,inferred_not_workbook_labeled
564,163,350,29.0422,25.174,3.8682,D,E,inferred_not_workbook_labeled
563,163,350,28.4638,24.711,3.7528,D,E,inferred_not_workbook_labeled
562,163,350,27.9716,24.246,3.7256,D,E,inferred_not_workbook_labeled
561,163,350,27.375,23.779,3.596,D,E,inferred_not_workbook_labeled
560,163,350,26.8605,23.31,3.5505,D,E,inferred_not_workbook_labeled
559,163,350,26.3541,22.84,3.5141,D,E,inferred_not_workbook_labeled
558,163,350,25.9946,22.368,3.6266,D,E,inferred_not_workbook_labeled
557,163,350,25.5042,21.895,3.6092,D,E,inferred_not_workbook_labeled
556,163,350,24.8086,21.422,3.3866,D,E,inferred_not_workbook_labeled
555,163,350,24.3664,20.947,3.4194,D,E,inferred_not_workbook_labeled
554,163,350,23.9461,20.473,3.4731,D,E,inferred_not_workbook_labeled
553,163,350,23.4095,19.998,3.4115,D,E,inferred_not_workbook_labeled
552,163,350,22.6709,19.524,3.1469,D,E,inferred_not_workbook_labeled
551,163,350,22.2072,19.05,3.1572,D,E,inferred_not_workbook_labeled
550,163,350,21.6762,18.578,3.0982,D,E,inferred_not_workbook_labeled
549,163,350,21.2337,18.107,3.1267,D,E,inferred_not_workbook_labeled
548,163,350,20.6867,17.637,3.0497,D,E,inferred_not_workbook_labeled
547,163,350,20.265,17.17,3.095,D,E,inferred_not_workbook_labeled
546,163,350,19.8299,16.706,3.1239,D,E,inferred_not_workbook_labeled
545,163,350,19.2148,16.244,2.9708,D,E,inferred_not_workbook_labeled
544,163,350,18.6412,15.786,2.8552,D,E,inferred_not_workbook_labeled
543,163,350,18.1994,15.332,2.8674,D,E,inferred_not_workbook_labeled
542,163,350,17.6661,14.882,2.7841,D,E,inferred_not_workbook_labeled
541,163,350,17.216,14.437,2.779,D,E,inferred_not_workbook_labeled
540,163,350,16.687,13.997,2.69,D,E,inferred_not_workbook_labeled
539,163,350,16.1731,13.564,2.6091,D,E,inferred_not_workbook_labeled
538,163,350,15.6083,13.137,2.4713,D,E,inferred_not_workbook_labeled
537,163,350,15.0234,12.717,2.3064,D,E,inferred_not_workbook_labeled
536,163,350,14.5961,12.305,2.2911,D,E,inferred_not_workbook_labeled
535,163,350,14.1825,11.901,2.2815,D,E,inferred_not_workbook_labeled
534,163,350,13.6057,11.505,2.1007,D,E,inferred_not_workbook_labeled
533,163,350,13.1468,11.119,2.0278,D,E,inferred_not_workbook_labeled
532,163,350,12.7239,10.743,1.9809,D,E,inferred_not_workbook_labeled
531,163,350,12.1702,10.378,1.7922,D,E,inferred_not_workbook_labeled
530,163,350,11.7444,10.023,1.7214,D,E,inferred_not_workbook_labeled
529,163,350,11.3043,9.681,1.6233,D,E,inferred_not_workbook_labeled
528,163,350,10.8396,9.351,1.4886,D,E,inferred_not_workbook_labeled
527,163,350,10.3525,9.034,1.3185,D,E,inferred_not_workbook_labeled
526,163,350,9.94989,8.731,1.21889,D,E,inferred_not_workbook_labeled
525,163,350,9.55929,8.442,1.11729,D,E,inferred_not_workbook_labeled
524,163,350,9.16659,8.167,0.99959,D,E,inferred_not_workbook_labeled
523,163,350,8.76285,7.909,0.85385,D,E,inferred_not_workbook_labeled
522,163,350,8.3627,7.666,0.6967,D,E,inferred_not_workbook_labeled
521,163,350,8.02128,7.441,0.58028,D,E,inferred_not_workbook_labeled
520,163,350,7.71836,7.232,0.48636,D,E,inferred_not_workbook_labeled
519,163,350,7.35574,7.042,0.31374,D,E,inferred_not_workbook_labeled
518,163,350,7.00533,6.869,0.13633,D,E,inferred_not_workbook_labeled
517,163,350,6.68289,6.716,-0.03311,D,E,inferred_not_workbook_labeled
516,163,350,6.47426,6.582,-0.10774,D,E,inferred_not_workbook_labeled
515,163,350,6.20989,6.468,-0.25811,D,E,inferred_not_workbook_labeled
514,163,350,5.96774,6.375,-0.40726,D,E,inferred_not_workbook_labeled
513,163,350,5.76416,6.302,-0.53784,D,E,inferred_not_workbook_labeled
512,163,350,5.58334,6.251,-0.66766,D,E,inferred_not_workbook_labeled
511,163,350,5.33394,6.221,-0.88706,D,E,inferred_not_workbook_labeled
510,163,350,5.16359,6.213,-1.04941,D,E,inferred_not_workbook_labeled
509,163,350,4.96397,6.227,-1.26303,D,E,inferred_not_workbook_labeled
508,163,350,4.87101,6.263,-1.39199,D,E,inferred_not_workbook_labeled
507,163,350,4.82361,6.323,-1.49939,D,E,inferred_not_workbook_labeled
506,163,350,4.74046,6.405,-1.66454,D,E,inferred_not_workbook_labeled
505,163,350,4.69637,6.51,-1.81363,D,E,inferred_not_workbook_labeled
504,163,350,4.62323,6.639,-2.01577,D,E,inferred_not_workbook_labeled
503,163,350,4.60905,6.791,-2.18195,D,E,inferred_not_workbook_labeled
502,163,350,4.7038,6.966,-2.2622,D,E,inferred_not_workbook_labeled
501,163,350,4.78948,7.164,-2.37452,D,E,inferred_not_workbook_labeled
500,163,350,4.79489,7.385,-2.59011,D,E,inferred_not_workbook_labeled
499,163,350,4.88084,7.629,-2.74816,D,E,inferred_not_workbook_labeled
498,163,350,5.04819,7.897,-2.84881,D,E,inferred_not_workbook_labeled
497,163,350,5.18959,8.186,-2.99641,D,E,inferred_not_workbook_labeled
496,163,350,5.42421,8.498,-3.07379,D,E,inferred_not_workbook_labeled
495,163,350,5.62605,8.833,-3.20695,D,E,inferred_not_workbook_labeled
494,163,350,5.84464,9.189,-3.34436,D,E,inferred_not_workbook_labeled
493,163,350,6.12882,9.566,-3.43718,D,E,inferred_not_workbook_labeled
492,163,350,6.35855,9.964,-3.60545,D,E,inferred_not_workbook_labeled
491,163,350,6.69286,10.383,-3.69014,D,E,inferred_not_workbook_labeled
490,163,350,7.03117,10.821,-3.78983,D,E,inferred_not_workbook_labeled
489,163,350,7.36253,11.279,-3.91647,D,E,inferred_not_workbook_labeled
488,163,350,7.7404,11.756,-4.0156,D,E,inferred_not_workbook_labeled
487,163,350,8.08815,12.251,-4.16285,D,E,inferred_not_workbook_labeled
486,163,350,8.57244,12.763,-4.19056,D,E,inferred_not_workbook_labeled
485,163,350,8.97705,13.292,-4.31495,D,E,inferred_not_workbook_labeled
484,163,350,9.31784,13.838,-4.52016,D,E,inferred_not_workbook_labeled
483,163,350,9.90146,14.398,-4.49654,D,E,inferred_not_workbook_labeled
482,163,350,10.4915,14.974,-4.4825,D,E,inferred_not_workbook_labeled
481,163,350,11.0044,15.563,-4.5586,D,E,inferred_not_workbook_labeled
480,163,350,11.5372,16.165,-4.6278,D,E,inferred_not_workbook_labeled
479,163,350,12.156,16.78,-4.624,D,E,inferred_not_workbook_labeled
478,163,350,12.6333,17.407,-4.7737,D,E,inferred_not_workbook_labeled
477,163,350,13.2772,18.044,-4.7668,D,E,inferred_not_workbook_labeled
476,163,350,13.9563,18.69,-4.7337,D,E,inferred_not_workbook_labeled
475,163,350,14.5832,19.346,-4.7628,D,E,inferred_not_workbook_labeled
474,163,350,15.2288,20.011,-4.7822,D,E,inferred_not_workbook_labeled
473,163,350,15.9271,20.682,-4.7549,D,E,inferred_not_workbook_labeled
472,163,350,16.7109,21.361,-4.6501,D,E,inferred_not_workbook_labeled
471,163,350,17.4437,22.045,-4.6013,D,E,inferred_not_workbook_labeled
470,163,350,18.1779,22.734,-4.5561,D,E,inferred_not_workbook_labeled
469,163,350,18.8152,23.428,-4.6128,D,E,inferred_not_workbook_labeled
468,163,350,19.7127,24.125,-4.4123,D,E,inferred_not_workbook_labeled
467,163,350,20.3962,24.825,-4.4288,D,E,inferred_not_workbook_labeled
466,163,350,21.0645,25.527,-4.4625,D,E,inferred_not_workbook_labeled
465,163,350,21.8864,26.23,-4.3436,D,E,inferred_not_workbook_labeled
464,163,350,22.6517,26.933,-4.2813,D,E,inferred_not_workbook_labeled
463,163,350,23.4882,27.637,-4.1488,D,E,inferred_not_workbook_labeled
462,163,350,24.2958,28.34,-4.0442,D,E,inferred_not_workbook_labeled
461,163,350,25.0247,29.042,-4.0173,D,E,inferred_not_workbook_labeled
460,163,350,25.6129,29.742,-4.1291,D,E,inferred_not_workbook_labeled
459,163,350,26.4709,30.439,-3.9681,D,E,inferred_not_workbook_labeled
458,163,350,27.367,31.133,-3.766,D,E,inferred_not_workbook_labeled
457,163,350,28.1929,31.823,-3.6301,D,E,inferred_not_workbook_labeled
456,163,350,28.9197,32.509,-3.5893,D,E,inferred_not_workbook_labeled
455,163,350,29.5763,33.191,-3.6147,D,E,inferred_not_workbook_labeled
454,163,350,30.5379,33.867,-3.3291,D,E,inferred_not_workbook_labeled
453,163,350,31.1848,34.537,-3.3522,D,E,inferred_not_workbook_labeled
452,163,350,31.8768,35.201,-3.3242,D,E,inferred_not_workbook_labeled
451,163,350,32.7528,35.859,-3.1062,D,E,inferred_not_workbook_labeled
450,163,350,33.3453,36.51,-3.1647,D,E,inferred_not_workbook_labeled
449,163,350,34.1658,37.153,-2.9872,D,E,inferred_not_workbook_labeled
448,163,350,34.9254,37.788,-2.8626,D,E,inferred_not_workbook_labeled
447,163,350,35.6714,38.416,-2.7446,D,E,inferred_not_workbook_labeled
446,163,350,36.2851,39.035,-2.7499,D,E,inferred_not_workbook_labeled
445,163,350,36.9368,39.645,-2.7082,D,E,inferred_not_workbook_labeled
444,163,350,37.7625,40.246,-2.4835,D,E,inferred_not_workbook_labeled
443,163,350,38.7241,40.838,-2.1139,D,E,inferred_not_workbook_labeled
442,163,350,39.3798,41.42,-2.0402,D,E,inferred_not_workbook_labeled
441,163,350,39.8538,41.993,-2.1392,D,E,inferred_not_workbook_labeled
440,163,350,40.4345,42.556,-2.1215,D,E,inferred_not_workbook_labeled
439,163,350,41.3016,43.108,-1.8064,D,E,inferred_not_workbook_labeled
438,163,350,42.2732,43.65,-1.3768,D,E,inferred_not_workbook_labeled
437,163,350,42.7693,44.182,-1.4127,D,E,inferred_not_workbook_labeled
436,163,350,43.0056,44.703,-1.6974,D,E,inferred_not_workbook_labeled
435,163,350,43.827,45.213,-1.386,D,E,inferred_not_workbook_labeled
434,163,350,44.4836,45.713,-1.2294,D,E,inferred_not_workbook_labeled
433,163,350,44.9222,46.201,-1.2788,D,E,inferred_not_workbook_labeled
432,163,350,45.238,46.679,-1.441,D,E,inferred_not_workbook_labeled
431,163,350,45.948,47.145,-1.197,D,E,inferred_not_workbook_labeled
430,163,350,46.7738,47.6,-0.8262,D,E,inferred_not_workbook_labeled
429,163,350,47.0969,48.043,-0.9461,D,E,inferred_not_workbook_labeled
428,163,350,47.4165,48.475,-1.0585,D,E,inferred_not_workbook_labeled
427,163,350,48.2556,48.895,-0.6394,D,E,inferred_not_workbook_labeled
426,163,350,48.9012,49.304,-0.4028,D,E,inferred_not_workbook_labeled
425,163,350,49.3007,49.701,-0.4003,D,E,inferred_not_workbook_labeled
424,163,350,49.5288,50.086,-0.5572,D,E,inferred_not_workbook_labeled
423,163,350,50.1748,50.459,-0.2842,D,E,inferred_not_workbook_labeled
422,163,350,50.7527,50.82,-0.0673,D,E,inferred_not_workbook_labeled
421,163,350,51.0865,51.169,-0.0825,D,E,inferred_not_workbook_labeled
420,163,350,51.345,51.505,-0.16,D,E,inferred_not_workbook_labeled
419,163,350,51.9679,51.829,0.1389,D,E,inferred_not_workbook_labeled
418,163,350,52.4168,52.139,0.2778,D,E,inferred_not_workbook_labeled
417,163,350,52.6693,52.436,0.2333,D,E,inferred_not_workbook_labeled
416,163,350,52.8815,52.72,0.1615,D,E,inferred_not_workbook_labeled
415,163,350,53.2549,52.99,0.2649,D,E,inferred_not_workbook_labeled
414,163,350,53.6518,53.247,0.4048,D,E,inferred_not_workbook_labeled
413,163,350,53.6517,53.489,0.1627,D,E,inferred_not_workbook_labeled
412,163,350,54.156,53.716,0.44,D,E,inferred_not_workbook_labeled
411,163,350,54.2025,53.929,0.2735,D,E,inferred_not_workbook_labeled
410,163,350,54.3725,54.126,0.2465,D,E,inferred_not_workbook_labeled
409,163,350,54.9692,54.308,0.6612,D,E,inferred_not_workbook_labeled
408,163,350,54.9931,54.474,0.5191,D,E,inferred_not_workbook_labeled
407,163,350,55.1512,54.624,0.5272,D,E,inferred_not_workbook_labeled
406,163,350,55.0659,54.757,0.3089,D,E,inferred_not_workbook_labeled
405,163,350,55.0374,54.873,0.1644,D,E,inferred_not_workbook_labeled
404,163,350,55.5296,54.973,0.5566,D,E,inferred_not_workbook_labeled
403,163,350,55.6331,55.054,0.5791,D,E,inferred_not_workbook_labeled
402,163,350,55.7268,55.118,0.6088,D,E,inferred_not_workbook_labeled
401,163,350,55.6091,55.164,0.4451,D,E,inferred_not_workbook_labeled
400,163,350,55.7759,55.191,0.5849,D,E,inferred_not_workbook_labeled
399,163,350,55.6855,55.2,0.4855,D,E,inferred_not_workbook_labeled
398,163,350,55.3891,55.19,0.1991,D,E,inferred_not_workbook_labeled
397,163,350,55.7449,55.16,0.5849,D,E,inferred_not_workbook_labeled
396,163,350,55.7632,55.111,0.6522,D,E,inferred_not_workbook_labeled
395,163,350,55.4343,55.041,0.3933,D,E,inferred_not_workbook_labeled
394,163,350,55.4409,54.951,0.4899,D,E,inferred_not_workbook_labeled
393,163,350,54.9932,54.84,0.1532,D,E,inferred_not_workbook_labeled
392,163,350,54.5299,54.708,-0.1781,D,E,inferred_not_workbook_labeled
391,163,350,54.6812,54.553,0.1282,D,E,inferred_not_workbook_labeled
390,163,350,54.8169,54.377,0.4399,D,E,inferred_not_workbook_labeled
389,163,350,53.9837,54.177,-0.1933,D,E,inferred_not_workbook_labeled
388,163,350,53.7106,53.953,-0.2424,D,E,inferred_not_workbook_labeled
387,163,350,53.2441,53.705,-0.4609,D,E,inferred_not_workbook_labeled
386,163,350,52.8197,53.431,-0.6113,D,E,inferred_not_workbook_labeled
385,163,350,52.4505,53.131,-0.6805,D,E,inferred_not_workbook_labeled
384,163,350,51.7153,52.804,-1.0887,D,E,inferred_not_workbook_labeled
383,163,350,51.1997,52.45,-1.2503,D,E,inferred_not_workbook_labeled
382,163,350,50.6128,52.066,-1.4532,D,E,inferred_not_workbook_labeled
381,163,350,49.5296,51.652,-2.1224,D,E,inferred_not_workbook_labeled
380,163,350,49.0351,51.207,-2.1719,D,E,inferred_not_workbook_labeled
379,163,350,48.4027,50.729,-2.3263,D,E,inferred_not_workbook_labeled
378,163,350,47.4985,50.219,-2.7205,D,E,inferred_not_workbook_labeled
377,163,350,46.2279,49.674,-3.4461,D,E,inferred_not_workbook_labeled
376,163,350,44.8174,49.095,-4.2776,D,E,inferred_not_workbook_labeled
375,163,350,43.9503,48.478,-4.5277,D,E,inferred_not_workbook_labeled
374,163,350,43.1928,47.824,-4.6312,D,E,inferred_not_workbook_labeled
373,163,350,42.2492,47.132,-4.8828,D,E,inferred_not_workbook_labeled
372,163,350,40.8653,46.401,-5.5357,D,E,inferred_not_workbook_labeled
371,163,350,39.2456,45.628,-6.3824,D,E,inferred_not_workbook_labeled
370,163,350,37.0785,44.815,-7.7365,D,E,inferred_not_workbook_labeled
369,163,350,35.9249,43.958,-8.0331,D,E,inferred_not_workbook_labeled
368,163,350,34.4125,43.059,-8.6465,D,E,inferred_not_workbook_labeled
367,163,350,32.2339,42.114,-9.8801,D,E,inferred_not_workbook_labeled
366,163,350,30.4784,41.124,-10.6456,D,E,inferred_not_workbook_labeled
365,163,350,28.8813,40.088,-11.2067,D,E,inferred_not_workbook_labeled
364,163,350,26.6008,39.004,-12.4032,D,E,inferred_not_workbook_labeled
363,163,350,24.8296,37.872,-13.0424,D,E,inferred_not_workbook_labeled
362,163,350,23.0608,36.692,-13.6312,D,E,inferred_not_workbook_labeled
361,163,350,20.7931,35.462,-14.6689,D,E,inferred_not_workbook_labeled
360,163,350,18.5413,34.182,-15.6407,D,E,inferred_not_workbook_labeled
359,163,350,16.677,32.853,-16.176,D,E,inferred_not_workbook_labeled
358,163,350,14.7345,31.475,-16.7405,D,E,inferred_not_workbook_labeled
357,163,350,12.846,30.05,-17.204,D,E,inferred_not_workbook_labeled
356,163,350,10.8388,28.579,-17.7402,D,E,inferred_not_workbook_labeled
355,163,350,9.41359,27.065,-17.65141,D,E,inferred_not_workbook_labeled
354,163,350,7.96612,25.512,-17.54588,D,E,inferred_not_workbook_labeled
353,163,350,6.68594,23.925,-17.23906,D,E,inferred_not_workbook_labeled
352,163,350,5.15971,22.31,-17.15029,D,E,inferred_not_workbook_labeled
351,163,350,4.24807,20.675,-16.42693,D,E,inferred_not_workbook_labeled
350,163,350,3.34113,19.028,-15.68687,D,E,inferred_not_workbook_labeled
780,185,280,61.023,55.917,5.106,F,G,inferred_not_workbook_labeled
779,185,280,60.3563,55.858,4.4983,F,G,inferred_not_workbook_labeled
778,185,280,60.6781,55.798,4.8801,F,G,inferred_not_workbook_labeled
777,185,280,60.8911,55.738,5.1531,F,G,inferred_not_workbook_labeled
776,185,280,60.0992,55.676,4.4232,F,G,inferred_not_workbook_labeled
775,185,280,59.9465,55.613,4.3335,F,G,inferred_not_workbook_labeled
774,185,280,60.5519,55.55,5.0019,F,G,inferred_not_workbook_labeled
773,185,280,60.64,55.485,5.155,F,G,inferred_not_workbook_labeled
772,185,280,60.0458,55.419,4.6268,F,G,inferred_not_workbook_labeled
771,185,280,60.2158,55.353,4.8628,F,G,inferred_not_workbook_labeled
770,185,280,60.2009,55.285,4.9159,F,G,inferred_not_workbook_labeled
769,185,280,60.5691,55.217,5.3521,F,G,inferred_not_workbook_labeled
768,185,280,60.3569,55.147,5.2099,F,G,inferred_not_workbook_labeled
767,185,280,59.7794,55.076,4.7034,F,G,inferred_not_workbook_labeled
766,185,280,59.4075,55.004,4.4035,F,G,inferred_not_workbook_labeled
765,185,280,59.7227,54.931,4.7917,F,G,inferred_not_workbook_labeled
764,185,280,59.9324,54.857,5.0754,F,G,inferred_not_workbook_labeled
763,185,280,59.5163,54.782,4.7343,F,G,inferred_not_workbook_labeled
762,185,280,59.3814,54.706,4.6754,F,G,inferred_not_workbook_labeled
761,185,280,59.8631,54.628,5.2351,F,G,inferred_not_workbook_labeled
760,185,280,59.7242,54.549,5.1752,F,G,inferred_not_workbook_labeled
759,185,280,59.0936,54.469,4.6246,F,G,inferred_not_workbook_labeled
758,185,280,59.0717,54.388,4.6837,F,G,inferred_not_workbook_labeled
757,185,280,58.9214,54.306,4.6154,F,G,inferred_not_workbook_labeled
756,185,280,59.1924,54.222,4.9704,F,G,inferred_not_workbook_labeled
755,185,280,59.1759,54.137,5.0389,F,G,inferred_not_workbook_labeled
754,185,280,58.7211,54.051,4.6701,F,G,inferred_not_workbook_labeled
753,185,280,58.3089,53.963,4.3459,F,G,inferred_not_workbook_labeled
752,185,280,58.4576,53.874,4.5836,F,G,inferred_not_workbook_labeled
751,185,280,58.4519,53.784,4.6679,F,G,inferred_not_workbook_labeled
750,185,280,58.6289,53.692,4.9369,F,G,inferred_not_workbook_labeled
749,185,280,58.6944,53.599,5.0954,F,G,inferred_not_workbook_labeled
748,185,280,58.4299,53.504,4.9259,F,G,inferred_not_workbook_labeled
747,185,280,58.4766,53.409,5.0676,F,G,inferred_not_workbook_labeled
746,185,280,58.5254,53.311,5.2144,F,G,inferred_not_workbook_labeled
745,185,280,58.5008,53.212,5.2888,F,G,inferred_not_workbook_labeled
744,185,280,57.6295,53.112,4.5175,F,G,inferred_not_workbook_labeled
743,185,280,57.6449,53.009,4.6359,F,G,inferred_not_workbook_labeled
742,185,280,57.4919,52.906,4.5859,F,G,inferred_not_workbook_labeled
741,185,280,57.667,52.801,4.866,F,G,inferred_not_workbook_labeled
740,185,280,57.5788,52.694,4.8848,F,G,inferred_not_workbook_labeled
739,185,280,57.7686,52.586,5.1826,F,G,inferred_not_workbook_labeled
738,185,280,57.2203,52.476,4.7443,F,G,inferred_not_workbook_labeled
737,185,280,57.3285,52.364,4.9645,F,G,inferred_not_workbook_labeled
736,185,280,57.2235,52.251,4.9725,F,G,inferred_not_workbook_labeled
735,185,280,57.0727,52.136,4.9367,F,G,inferred_not_workbook_labeled
734,185,280,56.7201,52.019,4.7011,F,G,inferred_not_workbook_labeled
733,185,280,56.899,51.901,4.998,F,G,inferred_not_workbook_labeled
732,185,280,56.5745,51.78,4.7945,F,G,inferred_not_workbook_labeled
731,185,280,56.2718,51.658,4.6138,F,G,inferred_not_workbook_labeled
730,185,280,56.3086,51.535,4.7736,F,G,inferred_not_workbook_labeled
729,185,280,55.9441,51.409,4.5351,F,G,inferred_not_workbook_labeled
728,185,280,55.9356,51.282,4.6536,F,G,inferred_not_workbook_labeled
727,185,280,55.548,51.152,4.396,F,G,inferred_not_workbook_labeled
726,185,280,55.6072,51.021,4.5862,F,G,inferred_not_workbook_labeled
725,185,280,55.992,50.888,5.104,F,G,inferred_not_workbook_labeled
724,185,280,55.2944,50.753,4.5414,F,G,inferred_not_workbook_labeled
723,185,280,55.3932,50.616,4.7772,F,G,inferred_not_workbook_labeled
722,185,280,54.7667,50.478,4.2887,F,G,inferred_not_workbook_labeled
721,185,280,54.3617,50.337,4.0247,F,G,inferred_not_workbook_labeled
720,185,280,54.7279,50.194,4.5339,F,G,inferred_not_workbook_labeled
719,185,280,54.6424,50.05,4.5924,F,G,inferred_not_workbook_labeled
718,185,280,54.1368,49.903,4.2338,F,G,inferred_not_workbook_labeled
717,185,280,53.8789,49.754,4.1249,F,G,inferred_not_workbook_labeled
716,185,280,54.6579,49.603,5.0549,F,G,inferred_not_workbook_labeled
715,185,280,54.6001,49.45,5.1501,F,G,inferred_not_workbook_labeled
714,185,280,54.1926,49.295,4.8976,F,G,inferred_not_workbook_labeled
713,185,280,53.6077,49.138,4.4697,F,G,inferred_not_workbook_labeled
712,185,280,53.4917,48.979,4.5127,F,G,inferred_not_workbook_labeled
711,185,280,53.4075,48.817,4.5905,F,G,inferred_not_workbook_labeled
710,185,280,53.394,48.654,4.74,F,G,inferred_not_workbook_labeled
709,185,280,53.014,48.488,4.526,F,G,inferred_not_workbook_labeled
708,185,280,52.7911,48.32,4.4711,F,G,inferred_not_workbook_labeled
707,185,280,52.5638,48.15,4.4138,F,G,inferred_not_workbook_labeled
706,185,280,52.4456,47.977,4.4686,F,G,inferred_not_workbook_labeled
705,185,280,52.3765,47.802,4.5745,F,G,inferred_not_workbook_labeled
704,185,280,51.9627,47.625,4.3377,F,G,inferred_not_workbook_labeled
703,185,280,52.0653,47.446,4.6193,F,G,inferred_not_workbook_labeled
702,185,280,51.8593,47.264,4.5953,F,G,inferred_not_workbook_labeled
701,185,280,51.8693,47.08,4.7893,F,G,inferred_not_workbook_labeled
700,185,280,51.2223,46.893,4.3293,F,G,inferred_not_workbook_labeled
699,185,280,51.2093,46.705,4.5043,F,G,inferred_not_workbook_labeled
698,185,280,51.1995,46.513,4.6865,F,G,inferred_not_workbook_labeled
697,185,280,50.5568,46.319,4.2378,F,G,inferred_not_workbook_labeled
696,185,280,50.4424,46.123,4.3194,F,G,inferred_not_workbook_labeled
695,185,280,50.3356,45.924,4.4116,F,G,inferred_not_workbook_labeled
694,185,280,49.958,45.723,4.235,F,G,inferred_not_workbook_labeled
693,185,280,49.8402,45.519,4.3212,F,G,inferred_not_workbook_labeled
692,185,280,49.7031,45.312,4.3911,F,G,inferred_not_workbook_labeled
691,185,280,49.508,45.103,4.405,F,G,inferred_not_workbook_labeled
690,185,280,49.0945,44.891,4.2035,F,G,inferred_not_workbook_labeled
689,185,280,49.1451,44.677,4.4681,F,G,inferred_not_workbook_labeled
688,185,280,48.8558,44.46,4.3958,F,G,inferred_not_workbook_labeled
687,185,280,48.6379,44.24,4.3979,F,G,inferred_not_workbook_labeled
686,185,280,48.1203,44.017,4.1033,F,G,inferred_not_workbook_labeled
685,185,280,47.8731,43.792,4.0811,F,G,inferred_not_workbook_labeled
684,185,280,47.6013,43.563,4.0383,F,G,inferred_not_workbook_labeled
683,185,280,47.2548,43.332,3.9228,F,G,inferred_not_workbook_labeled
682,185,280,47.367,43.098,4.269,F,G,inferred_not_workbook_labeled
681,185,280,46.9658,42.861,4.1048,F,G,inferred_not_workbook_labeled
680,185,280,46.7527,42.621,4.1317,F,G,inferred_not_workbook_labeled
679,185,280,46.1137,42.379,3.7347,F,G,inferred_not_workbook_labeled
678,185,280,46.1823,42.133,4.0493,F,G,inferred_not_workbook_labeled
677,185,280,46.0828,41.884,4.1988,F,G,inferred_not_workbook_labeled
676,185,280,45.8537,41.632,4.2217,F,G,inferred_not_workbook_labeled
675,185,280,45.3423,41.377,3.9653,F,G,inferred_not_workbook_labeled
674,185,280,45.1642,41.119,4.0452,F,G,inferred_not_workbook_labeled
673,185,280,45.0459,40.858,4.1879,F,G,inferred_not_workbook_labeled
672,185,280,44.8687,40.593,4.2757,F,G,inferred_not_workbook_labeled
671,185,280,44.3549,40.325,4.0299,F,G,inferred_not_workbook_labeled
670,185,280,43.8519,40.054,3.7979,F,G,inferred_not_workbook_labeled
669,185,280,43.4027,39.78,3.6227,F,G,inferred_not_workbook_labeled
668,185,280,43.2526,39.503,3.7496,F,G,inferred_not_workbook_labeled
667,185,280,43.3681,39.222,4.1461,F,G,inferred_not_workbook_labeled
666,185,280,43.0341,38.938,4.0961,F,G,inferred_not_workbook_labeled
665,185,280,42.3957,38.651,3.7447,F,G,inferred_not_workbook_labeled
664,185,280,42.2375,38.36,3.8775,F,G,inferred_not_workbook_labeled
663,185,280,41.9349,38.066,3.8689,F,G,inferred_not_workbook_labeled
662,185,280,41.9819,37.769,4.2129,F,G,inferred_not_workbook_labeled
661,185,280,41.6193,37.468,4.1513,F,G,inferred_not_workbook_labeled
660,185,280,41.0807,37.164,3.9167,F,G,inferred_not_workbook_labeled
659,185,280,40.6685,36.856,3.8125,F,G,inferred_not_workbook_labeled
658,185,280,40.1878,36.545,3.6428,F,G,inferred_not_workbook_labeled
657,185,280,39.8208,36.23,3.5908,F,G,inferred_not_workbook_labeled
656,185,280,39.6644,35.912,3.7524,F,G,inferred_not_workbook_labeled
655,185,280,39.2953,35.591,3.7043,F,G,inferred_not_workbook_labeled
654,185,280,38.9625,35.266,3.6965,F,G,inferred_not_workbook_labeled
653,185,280,38.5402,34.938,3.6022,F,G,inferred_not_workbook_labeled
652,185,280,38.2589,34.606,3.6529,F,G,inferred_not_workbook_labeled
651,185,280,38.0771,34.271,3.8061,F,G,inferred_not_workbook_labeled
650,185,280,37.595,33.932,3.663,F,G,inferred_not_workbook_labeled
649,185,280,37.0717,33.59,3.4817,F,G,inferred_not_workbook_labeled
648,185,280,36.9547,33.245,3.7097,F,G,inferred_not_workbook_labeled
647,185,280,36.6438,32.897,3.7468,F,G,inferred_not_workbook_labeled
646,185,280,36.2549,32.545,3.7099,F,G,inferred_not_workbook_labeled
645,185,280,35.7837,32.189,3.5947,F,G,inferred_not_workbook_labeled
644,185,280,35.351,31.831,3.52,F,G,inferred_not_workbook_labeled
643,185,280,34.8876,31.469,3.4186,F,G,inferred_not_workbook_labeled
642,185,280,34.426,31.105,3.321,F,G,inferred_not_workbook_labeled
641,185,280,34.0723,30.737,3.3353,F,G,inferred_not_workbook_labeled
640,185,280,33.7305,30.366,3.3645,F,G,inferred_not_workbook_labeled
639,185,280,33.3941,29.992,3.4021,F,G,inferred_not_workbook_labeled
638,185,280,33.0321,29.615,3.4171,F,G,inferred_not_workbook_labeled
637,185,280,32.5518,29.235,3.3168,F,G,inferred_not_workbook_labeled
636,185,280,32.0564,28.853,3.2034,F,G,inferred_not_workbook_labeled
635,185,280,31.6722,28.468,3.2042,F,G,inferred_not_workbook_labeled
634,185,280,31.4268,28.08,3.3468,F,G,inferred_not_workbook_labeled
633,185,280,30.837,27.689,3.148,F,G,inferred_not_workbook_labeled
632,185,280,30.3995,27.297,3.1025,F,G,inferred_not_workbook_labeled
631,185,280,29.9569,26.901,3.0559,F,G,inferred_not_workbook_labeled
630,185,280,29.6192,26.504,3.1152,F,G,inferred_not_workbook_labeled
629,185,280,29.3004,26.104,3.1964,F,G,inferred_not_workbook_labeled
628,185,280,28.8301,25.703,3.1271,F,G,inferred_not_workbook_labeled
627,185,280,28.3302,25.299,3.0312,F,G,inferred_not_workbook_labeled
626,185,280,27.7986,24.894,2.9046,F,G,inferred_not_workbook_labeled
625,185,280,27.3483,24.487,2.8613,F,G,inferred_not_workbook_labeled
624,185,280,27.0376,24.079,2.9586,F,G,inferred_not_workbook_labeled
623,185,280,26.448,23.669,2.779,F,G,inferred_not_workbook_labeled
622,185,280,26.0041,23.258,2.7461,F,G,inferred_not_workbook_labeled
621,185,280,25.5367,22.846,2.6907,F,G,inferred_not_workbook_labeled
620,185,280,25.0318,22.434,2.5978,F,G,inferred_not_workbook_labeled
619,185,280,24.7334,22.02,2.7134,F,G,inferred_not_workbook_labeled
618,185,280,24.359,21.606,2.753,F,G,inferred_not_workbook_labeled
617,185,280,23.8881,21.192,2.6961,F,G,inferred_not_workbook_labeled
616,185,280,23.3306,20.778,2.5526,F,G,inferred_not_workbook_labeled
615,185,280,23.0118,20.364,2.6478,F,G,inferred_not_workbook_labeled
614,185,280,22.508,19.95,2.558,F,G,inferred_not_workbook_labeled
613,185,280,22.0162,19.536,2.4802,F,G,inferred_not_workbook_labeled
612,185,280,21.537,19.124,2.413,F,G,inferred_not_workbook_labeled
611,185,280,21.1872,18.713,2.4742,F,G,inferred_not_workbook_labeled
610,185,280,20.6902,18.302,2.3882,F,G,inferred_not_workbook_labeled
609,185,280,20.1189,17.894,2.2249,F,G,inferred_not_workbook_labeled
608,185,280,19.6124,17.487,2.1254,F,G,inferred_not_workbook_labeled
607,185,280,19.2498,17.083,2.1668,F,G,inferred_not_workbook_labeled
606,185,280,18.817,16.681,2.136,F,G,inferred_not_workbook_labeled
605,185,280,18.3604,16.281,2.0794,F,G,inferred_not_workbook_labeled
604,185,280,17.8315,15.884,1.9475,F,G,inferred_not_workbook_labeled
603,185,280,17.4566,15.491,1.9656,F,G,inferred_not_workbook_labeled
602,185,280,17.04,15.102,1.938,F,G,inferred_not_workbook_labeled
601,185,280,16.5048,14.716,1.7888,F,G,inferred_not_workbook_labeled
600,185,280,16.1612,14.335,1.8262,F,G,inferred_not_workbook_labeled
599,185,280,15.8333,13.958,1.8753,F,G,inferred_not_workbook_labeled
598,185,280,15.2365,13.587,1.6495,F,G,inferred_not_workbook_labeled
597,185,280,14.8073,13.221,1.5863,F,G,inferred_not_workbook_labeled
596,185,280,14.5188,12.86,1.6588,F,G,inferred_not_workbook_labeled
595,185,280,14.0512,12.506,1.5452,F,G,inferred_not_workbook_labeled
594,185,280,13.6844,12.158,1.5264,F,G,inferred_not_workbook_labeled
593,185,280,13.2627,11.817,1.4457,F,G,inferred_not_workbook_labeled
592,185,280,12.7535,11.484,1.2695,F,G,inferred_not_workbook_labeled
591,185,280,12.4033,11.158,1.2453,F,G,inferred_not_workbook_labeled
590,185,280,12.0974,10.84,1.2574,F,G,inferred_not_workbook_labeled
589,185,280,11.7025,10.531,1.1715,F,G,inferred_not_workbook_labeled
588,185,280,11.4024,10.231,1.1714,F,G,inferred_not_workbook_labeled
587,185,280,10.9689,9.94,1.0289,F,G,inferred_not_workbook_labeled
586,185,280,10.6289,9.659,0.9699,F,G,inferred_not_workbook_labeled
585,185,280,10.3197,9.388,0.9317,F,G,inferred_not_workbook_labeled
584,185,280,9.9674,9.128,0.8394,F,G,inferred_not_workbook_labeled
583,185,280,9.67167,8.879,0.79267,F,G,inferred_not_workbook_labeled
582,185,280,9.28985,8.641,0.64885,F,G,inferred_not_workbook_labeled
581,185,280,9.01128,8.415,0.59628,F,G,inferred_not_workbook_labeled
580,185,280,8.72609,8.201,0.52509,F,G,inferred_not_workbook_labeled
579,185,280,8.42502,8.001,0.42402,F,G,inferred_not_workbook_labeled
578,185,280,8.21292,7.813,0.39992,F,G,inferred_not_workbook_labeled
577,185,280,7.92356,7.638,0.28556,F,G,inferred_not_workbook_labeled
576,185,280,7.73109,7.478,0.25309,F,G,inferred_not_workbook_labeled
575,185,280,7.50117,7.332,0.16917,F,G,inferred_not_workbook_labeled
574,185,280,7.28251,7.2,0.08251,F,G,inferred_not_workbook_labeled
573,185,280,7.09609,7.084,0.01209,F,G,inferred_not_workbook_labeled
572,185,280,6.92378,6.982,-0.05822,F,G,inferred_not_workbook_labeled
571,185,280,6.7351,6.897,-0.1619,F,G,inferred_not_workbook_labeled
570,185,280,6.54599,6.827,-0.28101,F,G,inferred_not_workbook_labeled
569,185,280,6.40684,6.773,-0.36616,F,G,inferred_not_workbook_labeled
568,185,280,6.35573,6.736,-0.38027,F,G,inferred_not_workbook_labeled
567,185,280,6.25182,6.716,-0.46418,F,G,inferred_not_workbook_labeled
566,185,280,6.14245,6.713,-0.57055,F,G,inferred_not_workbook_labeled
565,185,280,6.06781,6.726,-0.65819,F,G,inferred_not_workbook_labeled
564,185,280,6.017,6.757,-0.74,F,G,inferred_not_workbook_labeled
563,185,280,5.9934,6.806,-0.8126,F,G,inferred_not_workbook_labeled
562,185,280,5.96901,6.873,-0.90399,F,G,inferred_not_workbook_labeled
561,185,280,5.99569,6.957,-0.96131,F,G,inferred_not_workbook_labeled
560,185,280,6.02989,7.059,-1.02911,F,G,inferred_not_workbook_labeled
559,185,280,6.10612,7.179,-1.07288,F,G,inferred_not_workbook_labeled
558,185,280,6.1708,7.317,-1.1462,F,G,inferred_not_workbook_labeled
557,185,280,6.23679,7.472,-1.23521,F,G,inferred_not_workbook_labeled
556,185,280,6.33764,7.646,-1.30836,F,G,inferred_not_workbook_labeled
555,185,280,6.45815,7.838,-1.37985,F,G,inferred_not_workbook_labeled
554,185,280,6.62355,8.048,-1.42445,F,G,inferred_not_workbook_labeled
553,185,280,6.79696,8.275,-1.47804,F,G,inferred_not_workbook_labeled
552,185,280,6.93574,8.52,-1.58426,F,G,inferred_not_workbook_labeled
551,185,280,7.12792,8.782,-1.65408,F,G,inferred_not_workbook_labeled
550,185,280,7.27568,9.062,-1.78632,F,G,inferred_not_workbook_labeled
549,185,280,7.54796,9.359,-1.81104,F,G,inferred_not_workbook_labeled
548,185,280,7.83104,9.672,-1.84096,F,G,inferred_not_workbook_labeled
547,185,280,8.16348,10.002,-1.83852,F,G,inferred_not_workbook_labeled
546,185,280,8.52079,10.349,-1.82821,F,G,inferred_not_workbook_labeled
545,185,280,8.77349,10.711,-1.93751,F,G,inferred_not_workbook_labeled
544,185,280,9.00649,11.089,-2.08251,F,G,inferred_not_workbook_labeled
543,185,280,9.36952,11.482,-2.11248,F,G,inferred_not_workbook_labeled
542,185,280,9.76301,11.89,-2.12699,F,G,inferred_not_workbook_labeled
541,185,280,10.0861,12.313,-2.2269,F,G,inferred_not_workbook_labeled
540,185,280,10.5104,12.749,-2.2386,F,G,inferred_not_workbook_labeled
539,185,280,11.0018,13.199,-2.1972,F,G,inferred_not_workbook_labeled
538,185,280,11.3726,13.662,-2.2894,F,G,inferred_not_workbook_labeled
537,185,280,11.7802,14.138,-2.3578,F,G,inferred_not_workbook_labeled
536,185,280,12.1653,14.626,-2.4607,F,G,inferred_not_workbook_labeled
535,185,280,12.6424,15.126,-2.4836,F,G,inferred_not_workbook_labeled
534,185,280,13.1621,15.637,-2.4749,F,G,inferred_not_workbook_labeled
533,185,280,13.6517,16.159,-2.5073,F,G,inferred_not_workbook_labeled
532,185,280,14.199,16.691,-2.492,F,G,inferred_not_workbook_labeled
531,185,280,14.7187,17.232,-2.5133,F,G,inferred_not_workbook_labeled
530,185,280,15.257,17.783,-2.526,F,G,inferred_not_workbook_labeled
529,185,280,15.7478,18.342,-2.5942,F,G,inferred_not_workbook_labeled
528,185,280,16.2891,18.909,-2.6199,F,G,inferred_not_workbook_labeled
527,185,280,16.9877,19.484,-2.4963,F,G,inferred_not_workbook_labeled
526,185,280,17.3115,20.065,-2.7535,F,G,inferred_not_workbook_labeled
525,185,280,17.866,20.653,-2.787,F,G,inferred_not_workbook_labeled
524,185,280,18.5995,21.247,-2.6475,F,G,inferred_not_workbook_labeled
523,185,280,19.1249,21.846,-2.7211,F,G,inferred_not_workbook_labeled
522,185,280,19.8924,22.449,-2.5566,F,G,inferred_not_workbook_labeled
521,185,280,20.4115,23.057,-2.6455,F,G,inferred_not_workbook_labeled
520,185,280,20.8569,23.668,-2.8111,F,G,inferred_not_workbook_labeled
519,185,280,21.55,24.283,-2.733,F,G,inferred_not_workbook_labeled
518,185,280,22.3172,24.9,-2.5828,F,G,inferred_not_workbook_labeled
517,185,280,22.9431,25.519,-2.5759,F,G,inferred_not_workbook_labeled
516,185,280,23.5886,26.14,-2.5514,F,G,inferred_not_workbook_labeled
515,185,280,24.2839,26.761,-2.4771,F,G,inferred_not_workbook_labeled
514,185,280,24.9578,27.384,-2.4262,F,G,inferred_not_workbook_labeled
513,185,280,25.5075,28.006,-2.4985,F,G,inferred_not_workbook_labeled
512,185,280,26.1902,28.628,-2.4378,F,G,inferred_not_workbook_labeled
511,185,280,26.8336,29.25,-2.4164,F,G,inferred_not_workbook_labeled
510,185,280,27.5155,29.869,-2.3535,F,G,inferred_not_workbook_labeled
509,185,280,28.058,30.488,-2.43,F,G,inferred_not_workbook_labeled
508,185,280,28.8061,31.104,-2.2979,F,G,inferred_not_workbook_labeled
507,185,280,29.3576,31.717,-2.3594,F,G,inferred_not_workbook_labeled
506,185,280,29.9055,32.327,-2.4215,F,G,inferred_not_workbook_labeled
505,185,280,30.8159,32.934,-2.1181,F,G,inferred_not_workbook_labeled
504,185,280,31.4214,33.537,-2.1156,F,G,inferred_not_workbook_labeled
503,185,280,32.0395,34.136,-2.0965,F,G,inferred_not_workbook_labeled
502,185,280,32.5057,34.731,-2.2253,F,G,inferred_not_workbook_labeled
501,185,280,33.1699,35.32,-2.1501,F,G,inferred_not_workbook_labeled
500,185,280,33.7532,35.905,-2.1518,F,G,inferred_not_workbook_labeled
499,185,280,34.5149,36.484,-1.9691,F,G,inferred_not_workbook_labeled
498,185,280,35.2024,37.057,-1.8546,F,G,inferred_not_workbook_labeled
497,185,280,35.6122,37.624,-2.0118,F,G,inferred_not_workbook_labeled
496,185,280,36.2115,38.184,-1.9725,F,G,inferred_not_workbook_labeled
495,185,280,36.828,38.738,-1.91,F,G,inferred_not_workbook_labeled
494,185,280,37.5389,39.285,-1.7461,F,G,inferred_not_workbook_labeled
493,185,280,38.2129,39.825,-1.6121,F,G,inferred_not_workbook_labeled
492,185,280,38.641,40.358,-1.717,F,G,inferred_not_workbook_labeled
491,185,280,39.1306,40.883,-1.7524,F,G,inferred_not_workbook_labeled
490,185,280,39.6978,41.4,-1.7022,F,G,inferred_not_workbook_labeled
489,185,280,40.1042,41.91,-1.8058,F,G,inferred_not_workbook_labeled
488,185,280,40.8529,42.412,-1.5591,F,G,inferred_not_workbook_labeled
487,185,280,41.4631,42.905,-1.4419,F,G,inferred_not_workbook_labeled
486,185,280,42.01,43.39,-1.38,F,G,inferred_not_workbook_labeled
485,185,280,42.4974,43.867,-1.3696,F,G,inferred_not_workbook_labeled
484,185,280,42.7115,44.335,-1.6235,F,G,inferred_not_workbook_labeled
483,185,280,43.4373,44.795,-1.3577,F,G,inferred_not_workbook_labeled
482,185,280,44.2075,45.246,-1.0385,F,G,inferred_not_workbook_labeled
481,185,280,44.5096,45.689,-1.1794,F,G,inferred_not_workbook_labeled
480,185,280,44.9628,46.123,-1.1602,F,G,inferred_not_workbook_labeled
479,185,280,45.6564,46.547,-0.8906,F,G,inferred_not_workbook_labeled
478,185,280,46.1744,46.963,-0.7886,F,G,inferred_not_workbook_labeled
477,185,280,46.6401,47.37,-0.7299,F,G,inferred_not_workbook_labeled
476,185,280,46.9625,47.768,-0.8055,F,G,inferred_not_workbook_labeled
475,185,280,47.3202,48.157,-0.8368,F,G,inferred_not_workbook_labeled
474,185,280,47.7494,48.537,-0.7876,F,G,inferred_not_workbook_labeled
473,185,280,48.1529,48.908,-0.7551,F,G,inferred_not_workbook_labeled
472,185,280,48.6783,49.269,-0.5907,F,G,inferred_not_workbook_labeled
471,185,280,49.1553,49.621,-0.4657,F,G,inferred_not_workbook_labeled
470,185,280,49.6502,49.964,-0.3138,F,G,inferred_not_workbook_labeled
469,185,280,49.9044,50.297,-0.3926,F,G,inferred_not_workbook_labeled
468,185,280,50.3987,50.621,-0.2223,F,G,inferred_not_workbook_labeled
467,185,280,50.7675,50.935,-0.1675,F,G,inferred_not_workbook_labeled
466,185,280,51.0775,51.239,-0.1615,F,G,inferred_not_workbook_labeled
465,185,280,51.1128,51.534,-0.4212,F,G,inferred_not_workbook_labeled
464,185,280,51.605,51.818,-0.213,F,G,inferred_not_workbook_labeled
463,185,280,52.1521,52.092,0.0601,F,G,inferred_not_workbook_labeled
462,185,280,52.42,52.357,0.063,F,G,inferred_not_workbook_labeled
461,185,280,52.7086,52.61,0.0986,F,G,inferred_not_workbook_labeled
460,185,280,52.6993,52.854,-0.1547,F,G,inferred_not_workbook_labeled
459,185,280,53.1496,53.087,0.0626,F,G,inferred_not_workbook_labeled
458,185,280,53.5767,53.309,0.2677,F,G,inferred_not_workbook_labeled
457,185,280,53.7217,53.52,0.2017,F,G,inferred_not_workbook_labeled
456,185,280,54.0617,53.72,0.3417,F,G,inferred_not_workbook_labeled
455,185,280,54.0912,53.909,0.1822,F,G,inferred_not_workbook_labeled
454,185,280,54.5368,54.087,0.4498,F,G,inferred_not_workbook_labeled
453,185,280,54.7248,54.254,0.4708,F,G,inferred_not_workbook_labeled
452,185,280,55.0966,54.41,0.6866,F,G,inferred_not_workbook_labeled
451,185,280,55.4653,54.554,0.9113,F,G,inferred_not_workbook_labeled
450,185,280,55.5147,54.687,0.8277,F,G,inferred_not_workbook_labeled
449,185,280,55.0713,54.808,0.2633,F,G,inferred_not_workbook_labeled
448,185,280,55.2187,54.918,0.3007,F,G,inferred_not_workbook_labeled
447,185,280,55.6859,55.016,0.6699,F,G,inferred_not_workbook_labeled
446,185,280,55.8756,55.103,0.7726,F,G,inferred_not_workbook_labeled
445,185,280,55.8487,55.178,0.6707,F,G,inferred_not_workbook_labeled
444,185,280,56.0231,55.242,0.7811,F,G,inferred_not_workbook_labeled
443,185,280,56.2048,55.295,0.9098,F,G,inferred_not_workbook_labeled
442,185,280,56.2752,55.336,0.9392,F,G,inferred_not_workbook_labeled
441,185,280,56.1456,55.365,0.7806,F,G,inferred_not_workbook_labeled
440,185,280,56.0634,55.383,0.6804,F,G,inferred_not_workbook_labeled
439,185,280,56.1703,55.389,0.7813,F,G,inferred_not_workbook_labeled
438,185,280,56.1692,55.384,0.7852,F,G,inferred_not_workbook_labeled
437,185,280,56.3373,55.367,0.9703,F,G,inferred_not_workbook_labeled
436,185,280,56.289,55.338,0.951,F,G,inferred_not_workbook_labeled
435,185,280,56.6352,55.297,1.3382,F,G,inferred_not_workbook_labeled
434,185,280,56.412,55.244,1.168,F,G,inferred_not_workbook_labeled
433,185,280,56.4088,55.178,1.2308,F,G,inferred_not_workbook_labeled
432,185,280,55.8831,55.099,0.7841,F,G,inferred_not_workbook_labeled
431,185,280,55.5041,55.007,0.4971,F,G,inferred_not_workbook_labeled
430,185,280,55.7548,54.901,0.8538,F,G,inferred_not_workbook_labeled
429,185,280,55.6852,54.782,0.9032,F,G,inferred_not_workbook_labeled
428,185,280,55.1613,54.647,0.5143,F,G,inferred_not_workbook_labeled
427,185,280,55.2374,54.497,0.7404,F,G,inferred_not_workbook_labeled
426,185,280,55.1123,54.331,0.7813,F,G,inferred_not_workbook_labeled
425,185,280,54.8579,54.148,0.7099,F,G,inferred_not_workbook_labeled
424,185,280,54.6203,53.948,0.6723,F,G,inferred_not_workbook_labeled
423,185,280,54.2819,53.73,0.5519,F,G,inferred_not_workbook_labeled
422,185,280,54.0647,53.492,0.5727,F,G,inferred_not_workbook_labeled
421,185,280,53.6571,53.235,0.4221,F,G,inferred_not_workbook_labeled
420,185,280,53.2426,52.956,0.2866,F,G,inferred_not_workbook_labeled
419,185,280,53.2333,52.656,0.5773,F,G,inferred_not_workbook_labeled
418,185,280,53.1698,52.334,0.8358,F,G,inferred_not_workbook_labeled
417,185,280,52.5145,51.988,0.5265,F,G,inferred_not_workbook_labeled
416,185,280,51.8867,51.618,0.2687,F,G,inferred_not_workbook_labeled
415,185,280,51.3516,51.223,0.1286,F,G,inferred_not_workbook_labeled
414,185,280,50.9425,50.803,0.1395,F,G,inferred_not_workbook_labeled
413,185,280,49.9557,50.355,-0.3993,F,G,inferred_not_workbook_labeled
412,185,280,49.7488,49.881,-0.1322,F,G,inferred_not_workbook_labeled
411,185,280,48.939,49.378,-0.439,F,G,inferred_not_workbook_labeled
410,185,280,48.3798,48.847,-0.4672,F,G,inferred_not_workbook_labeled
409,185,280,47.6617,48.287,-0.6253,F,G,inferred_not_workbook_labeled
408,185,280,46.9541,47.697,-0.7429,F,G,inferred_not_workbook_labeled
407,185,280,46.3899,47.077,-0.6871,F,G,inferred_not_workbook_labeled
406,185,280,45.6406,46.425,-0.7844,F,G,inferred_not_workbook_labeled
405,185,280,44.7108,45.743,-1.0322,F,G,inferred_not_workbook_labeled
404,185,280,43.9558,45.027,-1.0712,F,G,inferred_not_workbook_labeled
403,185,280,43.0305,44.28,-1.2495,F,G,inferred_not_workbook_labeled
402,185,280,41.8754,43.499,-1.6236,F,G,inferred_not_workbook_labeled
401,185,280,40.6348,42.683,-2.0482,F,G,inferred_not_workbook_labeled
400,185,280,39.5719,41.833,-2.2611,F,G,inferred_not_workbook_labeled
399,185,280,38.6675,40.948,-2.2805,F,G,inferred_not_workbook_labeled
398,185,280,37.3746,40.027,-2.6524,F,G,inferred_not_workbook_labeled
397,185,280,36.0959,39.068,-2.9721,F,G,inferred_not_workbook_labeled
396,185,280,34.6681,38.073,-3.4049,F,G,inferred_not_workbook_labeled
395,185,280,33.3952,37.039,-3.6438,F,G,inferred_not_workbook_labeled
394,185,280,32.1049,35.967,-3.8621,F,G,inferred_not_workbook_labeled
393,185,280,30.5826,34.856,-4.2734,F,G,inferred_not_workbook_labeled
392,185,280,29.2567,33.705,-4.4483,F,G,inferred_not_workbook_labeled
391,185,280,27.7526,32.517,-4.7644,F,G,inferred_not_workbook_labeled
390,185,280,25.9064,31.289,-5.3826,F,G,inferred_not_workbook_labeled
389,185,280,24.1357,30.024,-5.8883,F,G,inferred_not_workbook_labeled
388,185,280,22.8737,28.724,-5.8503,F,G,inferred_not_workbook_labeled
387,185,280,20.9992,27.389,-6.3898,F,G,inferred_not_workbook_labeled
386,185,280,19.0747,26.023,-6.9483,F,G,inferred_not_workbook_labeled
385,185,280,17.2182,24.629,-7.4108,F,G,inferred_not_workbook_labeled
384,185,280,15.6611,23.212,-7.5509,F,G,inferred_not_workbook_labeled
383,185,280,13.9635,21.776,-7.8125,F,G,inferred_not_workbook_labeled
382,185,280,12.1256,20.328,-8.2024,F,G,inferred_not_workbook_labeled
381,185,280,10.5727,18.874,-8.3013,F,G,inferred_not_workbook_labeled
380,185,280,8.89776,17.423,-8.52524,F,G,inferred_not_workbook_labeled
379,185,280,7.41393,15.983,-8.56907,F,G,inferred_not_workbook_labeled
378,185,280,5.89115,14.565,-8.67385,F,G,inferred_not_workbook_labeled
377,185,280,4.63288,13.18,-8.54712,F,G,inferred_not_workbook_labeled
376,185,280,3.3939,11.838,-8.4441,F,G,inferred_not_workbook_labeled
375,185,280,2.48136,10.552,-8.07064,F,G,inferred_not_workbook_labeled
374,185,280,1.6725,9.334,-7.6615,F,G,inferred_not_workbook_labeled
373,185,280,1.14719,8.199,-7.05181,F,G,inferred_not_workbook_labeled
372,185,280,0.81376,7.158,-6.34424,F,G,inferred_not_workbook_labeled
371,185,280,0.59516,6.224,-5.62884,F,G,inferred_not_workbook_labeled
370,185,280,0.70214,5.411,-4.70886,F,G,inferred_not_workbook_labeled
369,185,280,0.94631,4.729,-3.78269,F,G,inferred_not_workbook_labeled
368,185,280,1.45868,4.191,-2.73232,F,G,inferred_not_workbook_labeled
367,185,280,2.2597,3.806,-1.5463,F,G,inferred_not_workbook_labeled
366,185,280,3.40201,3.581,-0.17899,F,G,inferred_not_workbook_labeled
365,185,280,4.53449,3.524,1.01049,F,G,inferred_not_workbook_labeled
364,185,280,5.91308,3.639,2.27408,F,G,inferred_not_workbook_labeled
363,185,280,7.22794,3.93,3.29794,F,G,inferred_not_workbook_labeled
362,185,280,8.78354,4.395,4.38854,F,G,inferred_not_workbook_labeled
361,185,280,10.4281,5.033,5.3951,F,G,inferred_not_workbook_labeled
360,185,280,12.3291,5.841,6.4881,F,G,inferred_not_workbook_labeled
359,185,280,13.9644,6.81,7.1544,F,G,inferred_not_workbook_labeled
358,185,280,15.6931,7.932,7.7611,F,G,inferred_not_workbook_labeled
357,185,280,17.2767,9.197,8.0797,F,G,inferred_not_workbook_labeled
356,185,280,18.7161,10.591,8.1251,F,G,inferred_not_workbook_labeled
355,185,280,20.6643,12.1,8.5643,F,G,inferred_not_workbook_labeled
354,185,280,22.3112,13.708,8.6032,F,G,inferred_not_workbook_labeled
353,185,280,23.8778,15.399,8.4788,F,G,inferred_not_workbook_labeled
352,185,280,25.1114,17.155,7.9564,F,G,inferred_not_workbook_labeled
351,185,280,26.5793,18.96,7.6193,F,G,inferred_not_workbook_labeled
350,185,280,28.0227,20.796,7.2267,F,G,inferred_not_workbook_labeled
780,200,210,54.2692,48.974,5.2952,H,I,inferred_not_workbook_labeled
779,200,210,54.0789,48.825,5.2539,H,I,inferred_not_workbook_labeled
778,200,210,53.4984,48.675,4.8234,H,I,inferred_not_workbook_labeled
777,200,210,53.7048,48.523,5.1818,H,I,inferred_not_workbook_labeled
776,200,210,53.7999,48.37,5.4299,H,I,inferred_not_workbook_labeled
775,200,210,53.5012,48.214,5.2872,H,I,inferred_not_workbook_labeled
774,200,210,53.3601,48.058,5.3021,H,I,inferred_not_workbook_labeled
773,200,210,53.2825,47.899,5.3835,H,I,inferred_not_workbook_labeled
772,200,210,52.969,47.739,5.23,H,I,inferred_not_workbook_labeled
771,200,210,52.844,47.577,5.267,H,I,inferred_not_workbook_labeled
770,200,210,52.8735,47.413,5.4605,H,I,inferred_not_workbook_labeled
769,200,210,53.0215,47.248,5.7735,H,I,inferred_not_workbook_labeled
768,200,210,52.7206,47.081,5.6396,H,I,inferred_not_workbook_labeled
767,200,210,52.6686,46.912,5.7566,H,I,inferred_not_workbook_labeled
766,200,210,51.9438,46.741,5.2028,H,I,inferred_not_workbook_labeled
765,200,210,51.4018,46.569,4.8328,H,I,inferred_not_workbook_labeled
764,200,210,51.3123,46.394,4.9183,H,I,inferred_not_workbook_labeled
763,200,210,51.119,46.218,4.901,H,I,inferred_not_workbook_labeled
762,200,210,51.2931,46.04,5.2531,H,I,inferred_not_workbook_labeled
761,200,210,50.8866,45.859,5.0276,H,I,inferred_not_workbook_labeled
760,200,210,51.1079,45.677,5.4309,H,I,inferred_not_workbook_labeled
759,200,210,50.8456,45.493,5.3526,H,I,inferred_not_workbook_labeled
758,200,210,50.3732,45.307,5.0662,H,I,inferred_not_workbook_labeled
757,200,210,50.3647,45.118,5.2467,H,I,inferred_not_workbook_labeled
756,200,210,49.4653,44.928,4.5373,H,I,inferred_not_workbook_labeled
755,200,210,49.386,44.736,4.65,H,I,inferred_not_workbook_labeled
754,200,210,49.4942,44.541,4.9532,H,I,inferred_not_workbook_labeled
753,200,210,49.7907,44.344,5.4467,H,I,inferred_not_workbook_labeled
752,200,210,49.6273,44.145,5.4823,H,I,inferred_not_workbook_labeled
751,200,210,48.9763,43.944,5.0323,H,I,inferred_not_workbook_labeled
750,200,210,48.6992,43.741,4.9582,H,I,inferred_not_workbook_labeled
749,200,210,48.5857,43.536,5.0497,H,I,inferred_not_workbook_labeled
748,200,210,48.1591,43.328,4.8311,H,I,inferred_not_workbook_labeled
747,200,210,47.8426,43.118,4.7246,H,I,inferred_not_workbook_labeled
746,200,210,48.1764,42.905,5.2714,H,I,inferred_not_workbook_labeled
745,200,210,47.773,42.69,5.083,H,I,inferred_not_workbook_labeled
744,200,210,47.6944,42.473,5.2214,H,I,inferred_not_workbook_labeled
743,200,210,47.8099,42.254,5.5559,H,I,inferred_not_workbook_labeled
742,200,210,47.6255,42.032,5.5935,H,I,inferred_not_workbook_labeled
741,200,210,47.2145,41.807,5.4075,H,I,inferred_not_workbook_labeled
740,200,210,46.8925,41.58,5.3125,H,I,inferred_not_workbook_labeled
739,200,210,46.2466,41.351,4.8956,H,I,inferred_not_workbook_labeled
738,200,210,45.6201,41.119,4.5011,H,I,inferred_not_workbook_labeled
737,200,210,46.0526,40.885,5.1676,H,I,inferred_not_workbook_labeled
736,200,210,45.8568,40.648,5.2088,H,I,inferred_not_workbook_labeled
735,200,210,45.4548,40.408,5.0468,H,I,inferred_not_workbook_labeled
734,200,210,44.9694,40.166,4.8034,H,I,inferred_not_workbook_labeled
733,200,210,45.1406,39.921,5.2196,H,I,inferred_not_workbook_labeled
732,200,210,44.9869,39.674,5.3129,H,I,inferred_not_workbook_labeled
731,200,210,44.5668,39.424,5.1428,H,I,inferred_not_workbook_labeled
730,200,210,44.5192,39.172,5.3472,H,I,inferred_not_workbook_labeled
729,200,210,44.1914,38.916,5.2754,H,I,inferred_not_workbook_labeled
728,200,210,43.9254,38.659,5.2664,H,I,inferred_not_workbook_labeled
727,200,210,43.8069,38.398,5.4089,H,I,inferred_not_workbook_labeled
726,200,210,43.6677,38.135,5.5327,H,I,inferred_not_workbook_labeled
725,200,210,43.3074,37.869,5.4384,H,I,inferred_not_workbook_labeled
724,200,210,42.9785,37.6,5.3785,H,I,inferred_not_workbook_labeled
723,200,210,42.6523,37.329,5.3233,H,I,inferred_not_workbook_labeled
722,200,210,42.184,37.055,5.129,H,I,inferred_not_workbook_labeled
721,200,210,41.8767,36.778,5.0987,H,I,inferred_not_workbook_labeled
720,200,210,41.7285,36.499,5.2295,H,I,inferred_not_workbook_labeled
719,200,210,41.6011,36.216,5.3851,H,I,inferred_not_workbook_labeled
718,200,210,40.7212,35.932,4.7892,H,I,inferred_not_workbook_labeled
717,200,210,40.5421,35.644,4.8981,H,I,inferred_not_workbook_labeled
716,200,210,40.1961,35.354,4.8421,H,I,inferred_not_workbook_labeled
715,200,210,40.1076,35.061,5.0466,H,I,inferred_not_workbook_labeled
714,200,210,39.9608,34.765,5.1958,H,I,inferred_not_workbook_labeled
713,200,210,39.265,34.467,4.798,H,I,inferred_not_workbook_labeled
712,200,210,38.8834,34.166,4.7174,H,I,inferred_not_workbook_labeled
711,200,210,39.2628,33.863,5.3998,H,I,inferred_not_workbook_labeled
710,200,210,38.8242,33.557,5.2672,H,I,inferred_not_workbook_labeled
709,200,210,38.076,33.248,4.828,H,I,inferred_not_workbook_labeled
708,200,210,38.2016,32.937,5.2646,H,I,inferred_not_workbook_labeled
707,200,210,37.509,32.623,4.886,H,I,inferred_not_workbook_labeled
706,200,210,37.2569,32.307,4.9499,H,I,inferred_not_workbook_labeled
705,200,210,36.9355,31.988,4.9475,H,I,inferred_not_workbook_labeled
704,200,210,36.5576,31.667,4.8906,H,I,inferred_not_workbook_labeled
703,200,210,36.3121,31.343,4.9691,H,I,inferred_not_workbook_labeled
702,200,210,35.7755,31.017,4.7585,H,I,inferred_not_workbook_labeled
701,200,210,35.3206,30.689,4.6316,H,I,inferred_not_workbook_labeled
700,200,210,35.2682,30.359,4.9092,H,I,inferred_not_workbook_labeled
699,200,210,34.9253,30.026,4.8993,H,I,inferred_not_workbook_labeled
698,200,210,34.5711,29.691,4.8801,H,I,inferred_not_workbook_labeled
697,200,210,34.1778,29.353,4.8248,H,I,inferred_not_workbook_labeled
696,200,210,33.7281,29.014,4.7141,H,I,inferred_not_workbook_labeled
695,200,210,33.4629,28.673,4.7899,H,I,inferred_not_workbook_labeled
694,200,210,33.2688,28.329,4.9398,H,I,inferred_not_workbook_labeled
693,200,210,32.891,27.984,4.907,H,I,inferred_not_workbook_labeled
692,200,210,32.3638,27.637,4.7268,H,I,inferred_not_workbook_labeled
691,200,210,31.9622,27.288,4.6742,H,I,inferred_not_workbook_labeled
690,200,210,31.4267,26.937,4.4897,H,I,inferred_not_workbook_labeled
689,200,210,31.2097,26.585,4.6247,H,I,inferred_not_workbook_labeled
688,200,210,30.616,26.231,4.385,H,I,inferred_not_workbook_labeled
687,200,210,30.3192,25.875,4.4442,H,I,inferred_not_workbook_labeled
686,200,210,30.1634,25.518,4.6454,H,I,inferred_not_workbook_labeled
685,200,210,29.835,25.16,4.675,H,I,inferred_not_workbook_labeled
684,200,210,29.4575,24.801,4.6565,H,I,inferred_not_workbook_labeled
683,200,210,28.8872,24.44,4.4472,H,I,inferred_not_workbook_labeled
682,200,210,28.7289,24.078,4.6509,H,I,inferred_not_workbook_labeled
681,200,210,28.4032,23.716,4.6872,H,I,inferred_not_workbook_labeled
680,200,210,27.8127,23.352,4.4607,H,I,inferred_not_workbook_labeled
679,200,210,27.2034,22.988,4.2154,H,I,inferred_not_workbook_labeled
678,200,210,26.9542,22.624,4.3302,H,I,inferred_not_workbook_labeled
677,200,210,26.7695,22.258,4.5115,H,I,inferred_not_workbook_labeled
676,200,210,26.0781,21.893,4.1851,H,I,inferred_not_workbook_labeled
675,200,210,25.6936,21.527,4.1666,H,I,inferred_not_workbook_labeled
674,200,210,25.4714,21.161,4.3104,H,I,inferred_not_workbook_labeled
673,200,210,24.9704,20.795,4.1754,H,I,inferred_not_workbook_labeled
672,200,210,24.4417,20.43,4.0117,H,I,inferred_not_workbook_labeled
671,200,210,24.0864,20.065,4.0214,H,I,inferred_not_workbook_labeled
670,200,210,23.8048,19.7,4.1048,H,I,inferred_not_workbook_labeled
669,200,210,23.2837,19.336,3.9477,H,I,inferred_not_workbook_labeled
668,200,210,22.7732,18.973,3.8002,H,I,inferred_not_workbook_labeled
667,200,210,22.4088,18.611,3.7978,H,I,inferred_not_workbook_labeled
666,200,210,21.934,18.25,3.684,H,I,inferred_not_workbook_labeled
665,200,210,21.6107,17.891,3.7197,H,I,inferred_not_workbook_labeled
664,200,210,21.2001,17.533,3.6671,H,I,inferred_not_workbook_labeled
663,200,210,20.8136,17.177,3.6366,H,I,inferred_not_workbook_labeled
662,200,210,20.6317,16.823,3.8087,H,I,inferred_not_workbook_labeled
661,200,210,20.0121,16.471,3.5411,H,I,inferred_not_workbook_labeled
660,200,210,19.6032,16.122,3.4812,H,I,inferred_not_workbook_labeled
659,200,210,19.3466,15.775,3.5716,H,I,inferred_not_workbook_labeled
658,200,210,18.7554,15.431,3.3244,H,I,inferred_not_workbook_labeled
657,200,210,18.3483,15.091,3.2573,H,I,inferred_not_workbook_labeled
656,200,210,17.8824,14.753,3.1294,H,I,inferred_not_workbook_labeled
655,200,210,17.5557,14.42,3.1357,H,I,inferred_not_workbook_labeled
654,200,210,17.1424,14.09,3.0524,H,I,inferred_not_workbook_labeled
653,200,210,16.8746,13.764,3.1106,H,I,inferred_not_workbook_labeled
652,200,210,16.5522,13.443,3.1092,H,I,inferred_not_workbook_labeled
651,200,210,16.1554,13.127,3.0284,H,I,inferred_not_workbook_labeled
650,200,210,15.7001,12.815,2.8851,H,I,inferred_not_workbook_labeled
649,200,210,15.2671,12.509,2.7581,H,I,inferred_not_workbook_labeled
648,200,210,15.0159,12.208,2.8079,H,I,inferred_not_workbook_labeled
647,200,210,14.5902,11.913,2.6772,H,I,inferred_not_workbook_labeled
646,200,210,14.1166,11.624,2.4926,H,I,inferred_not_workbook_labeled
645,200,210,13.7842,11.341,2.4432,H,I,inferred_not_workbook_labeled
644,200,210,13.374,11.065,2.309,H,I,inferred_not_workbook_labeled
643,200,210,12.9652,10.796,2.1692,H,I,inferred_not_workbook_labeled
642,200,210,12.6808,10.535,2.1458,H,I,inferred_not_workbook_labeled
641,200,210,12.4436,10.28,2.1636,H,I,inferred_not_workbook_labeled
640,200,210,12.1869,10.034,2.1529,H,I,inferred_not_workbook_labeled
639,200,210,11.8123,9.796,2.0163,H,I,inferred_not_workbook_labeled
638,200,210,11.529,9.566,1.963,H,I,inferred_not_workbook_labeled
637,200,210,11.1959,9.345,1.8509,H,I,inferred_not_workbook_labeled
636,200,210,10.7979,9.134,1.6639,H,I,inferred_not_workbook_labeled
635,200,210,10.5055,8.931,1.5745,H,I,inferred_not_workbook_labeled
634,200,210,10.216,8.738,1.478,H,I,inferred_not_workbook_labeled
633,200,210,9.95776,8.555,1.40276,H,I,inferred_not_workbook_labeled
632,200,210,9.69212,8.383,1.30912,H,I,inferred_not_workbook_labeled
631,200,210,9.38434,8.221,1.16334,H,I,inferred_not_workbook_labeled
630,200,210,9.08853,8.069,1.01953,H,I,inferred_not_workbook_labeled
629,200,210,8.93105,7.929,1.00205,H,I,inferred_not_workbook_labeled
628,200,210,8.6845,7.8,0.8845,H,I,inferred_not_workbook_labeled
627,200,210,8.48907,7.683,0.80607,H,I,inferred_not_workbook_labeled
626,200,210,8.26822,7.578,0.69022,H,I,inferred_not_workbook_labeled
625,200,210,8.01229,7.484,0.52829,H,I,inferred_not_workbook_labeled
624,200,210,7.87794,7.403,0.47494,H,I,inferred_not_workbook_labeled
623,200,210,7.63383,7.335,0.29883,H,I,inferred_not_workbook_labeled
622,200,210,7.43218,7.279,0.15318,H,I,inferred_not_workbook_labeled
621,200,210,7.28707,7.236,0.05107,H,I,inferred_not_workbook_labeled
620,200,210,7.14929,7.207,-0.05771,H,I,inferred_not_workbook_labeled
619,200,210,7.02283,7.191,-0.16817,H,I,inferred_not_workbook_labeled
618,200,210,6.90814,7.188,-0.27986,H,I,inferred_not_workbook_labeled
617,200,210,6.80056,7.199,-0.39844,H,I,inferred_not_workbook_labeled
616,200,210,6.67485,7.223,-0.54815,H,I,inferred_not_workbook_labeled
615,200,210,6.6103,7.262,-0.6517,H,I,inferred_not_workbook_labeled
614,200,210,6.56348,7.315,-0.75152,H,I,inferred_not_workbook_labeled
613,200,210,6.53339,7.381,-0.84761,H,I,inferred_not_workbook_labeled
612,200,210,6.52141,7.462,-0.94059,H,I,inferred_not_workbook_labeled
611,200,210,6.49466,7.557,-1.06234,H,I,inferred_not_workbook_labeled
610,200,210,6.48775,7.667,-1.17925,H,I,inferred_not_workbook_labeled
609,200,210,6.48598,7.791,-1.30502,H,I,inferred_not_workbook_labeled
608,200,210,6.55564,7.929,-1.37336,H,I,inferred_not_workbook_labeled
607,200,210,6.59153,8.081,-1.48947,H,I,inferred_not_workbook_labeled
606,200,210,6.59491,8.248,-1.65309,H,I,inferred_not_workbook_labeled
605,200,210,6.69143,8.429,-1.73757,H,I,inferred_not_workbook_labeled
604,200,210,6.7809,8.624,-1.8431,H,I,inferred_not_workbook_labeled
603,200,210,6.83523,8.833,-1.99777,H,I,inferred_not_workbook_labeled
602,200,210,6.99941,9.057,-2.05759,H,I,inferred_not_workbook_labeled
601,200,210,7.11115,9.294,-2.18285,H,I,inferred_not_workbook_labeled
600,200,210,7.23947,9.545,-2.30553,H,I,inferred_not_workbook_labeled
599,200,210,7.37718,9.809,-2.43182,H,I,inferred_not_workbook_labeled
598,200,210,7.50631,10.087,-2.58069,H,I,inferred_not_workbook_labeled
597,200,210,7.68376,10.379,-2.69524,H,I,inferred_not_workbook_labeled
596,200,210,7.93987,10.683,-2.74313,H,I,inferred_not_workbook_labeled
595,200,210,8.21026,11.0,-2.78974,H,I,inferred_not_workbook_labeled
594,200,210,8.35287,11.33,-2.97713,H,I,inferred_not_workbook_labeled
593,200,210,8.63649,11.673,-3.03651,H,I,inferred_not_workbook_labeled
592,200,210,8.94593,12.027,-3.08107,H,I,inferred_not_workbook_labeled
591,200,210,9.19366,12.394,-3.20034,H,I,inferred_not_workbook_labeled
590,200,210,9.4444,12.772,-3.3276,H,I,inferred_not_workbook_labeled
589,200,210,9.78219,13.161,-3.37881,H,I,inferred_not_workbook_labeled
588,200,210,10.1197,13.562,-3.4423,H,I,inferred_not_workbook_labeled
587,200,210,10.455,13.973,-3.518,H,I,inferred_not_workbook_labeled
586,200,210,10.8096,14.394,-3.5844,H,I,inferred_not_workbook_labeled
585,200,210,11.0695,14.826,-3.7565,H,I,inferred_not_workbook_labeled
584,200,210,11.4677,15.267,-3.7993,H,I,inferred_not_workbook_labeled
583,200,210,11.9042,15.717,-3.8128,H,I,inferred_not_workbook_labeled
582,200,210,12.3037,16.177,-3.8733,H,I,inferred_not_workbook_labeled
581,200,210,12.668,16.645,-3.977,H,I,inferred_not_workbook_labeled
580,200,210,13.0917,17.122,-4.0303,H,I,inferred_not_workbook_labeled
579,200,210,13.483,17.606,-4.123,H,I,inferred_not_workbook_labeled
578,200,210,13.9693,18.098,-4.1287,H,I,inferred_not_workbook_labeled
577,200,210,14.5096,18.596,-4.0864,H,I,inferred_not_workbook_labeled
576,200,210,14.9627,19.102,-4.1393,H,I,inferred_not_workbook_labeled
575,200,210,15.3101,19.614,-4.3039,H,I,inferred_not_workbook_labeled
574,200,210,15.7259,20.131,-4.4051,H,I,inferred_not_workbook_labeled
573,200,210,16.2702,20.655,-4.3848,H,I,inferred_not_workbook_labeled
572,200,210,16.8923,21.183,-4.2907,H,I,inferred_not_workbook_labeled
571,200,210,17.362,21.716,-4.354,H,I,inferred_not_workbook_labeled
570,200,210,17.8967,22.254,-4.3573,H,I,inferred_not_workbook_labeled
569,200,210,18.4654,22.795,-4.3296,H,I,inferred_not_workbook_labeled
568,200,210,19.0173,23.339,-4.3217,H,I,inferred_not_workbook_labeled
567,200,210,19.3716,23.887,-4.5154,H,I,inferred_not_workbook_labeled
566,200,210,19.8428,24.438,-4.5952,H,I,inferred_not_workbook_labeled
565,200,210,20.3621,24.991,-4.6289,H,I,inferred_not_workbook_labeled
564,200,210,20.9952,25.546,-4.5508,H,I,inferred_not_workbook_labeled
563,200,210,21.5357,26.102,-4.5663,H,I,inferred_not_workbook_labeled
562,200,210,22.1232,26.66,-4.5368,H,I,inferred_not_workbook_labeled
561,200,210,22.6324,27.218,-4.5856,H,I,inferred_not_workbook_labeled
560,200,210,23.1674,27.777,-4.6096,H,I,inferred_not_workbook_labeled
559,200,210,23.7878,28.336,-4.5482,H,I,inferred_not_workbook_labeled
558,200,210,24.3289,28.894,-4.5651,H,I,inferred_not_workbook_labeled
557,200,210,24.9921,29.452,-4.4599,H,I,inferred_not_workbook_labeled
556,200,210,25.491,30.009,-4.518,H,I,inferred_not_workbook_labeled
555,200,210,26.1626,30.565,-4.4024,H,I,inferred_not_workbook_labeled
554,200,210,26.7588,31.119,-4.3602,H,I,inferred_not_workbook_labeled
553,200,210,27.2358,31.671,-4.4352,H,I,inferred_not_workbook_labeled
552,200,210,27.6878,32.221,-4.5332,H,I,inferred_not_workbook_labeled
551,200,210,28.3135,32.768,-4.4545,H,I,inferred_not_workbook_labeled
550,200,210,28.8497,33.312,-4.4623,H,I,inferred_not_workbook_labeled
549,200,210,29.4805,33.853,-4.3725,H,I,inferred_not_workbook_labeled
548,200,210,29.8919,34.391,-4.4991,H,I,inferred_not_workbook_labeled
547,200,210,30.4122,34.925,-4.5128,H,I,inferred_not_workbook_labeled
546,200,210,31.1669,35.456,-4.2891,H,I,inferred_not_workbook_labeled
545,200,210,31.6753,35.982,-4.3067,H,I,inferred_not_workbook_labeled
544,200,210,32.1765,36.503,-4.3265,H,I,inferred_not_workbook_labeled
543,200,210,32.7518,37.02,-4.2682,H,I,inferred_not_workbook_labeled
542,200,210,33.1852,37.532,-4.3468,H,I,inferred_not_workbook_labeled
541,200,210,33.7257,38.039,-4.3133,H,I,inferred_not_workbook_labeled
540,200,210,34.2757,38.541,-4.2653,H,I,inferred_not_workbook_labeled
539,200,210,34.9954,39.038,-4.0426,H,I,inferred_not_workbook_labeled
538,200,210,35.5846,39.529,-3.9444,H,I,inferred_not_workbook_labeled
537,200,210,36.1048,40.014,-3.9092,H,I,inferred_not_workbook_labeled
536,200,210,36.7092,40.494,-3.7848,H,I,inferred_not_workbook_labeled
535,200,210,37.1083,40.968,-3.8597,H,I,inferred_not_workbook_labeled
534,200,210,37.6565,41.435,-3.7785,H,I,inferred_not_workbook_labeled
533,200,210,38.2337,41.896,-3.6623,H,I,inferred_not_workbook_labeled
532,200,210,38.4859,42.351,-3.8651,H,I,inferred_not_workbook_labeled
531,200,210,39.0773,42.8,-3.7227,H,I,inferred_not_workbook_labeled
530,200,210,39.7232,43.243,-3.5198,H,I,inferred_not_workbook_labeled
529,200,210,40.2545,43.678,-3.4235,H,I,inferred_not_workbook_labeled
528,200,210,40.7513,44.108,-3.3567,H,I,inferred_not_workbook_labeled
527,200,210,41.2116,44.531,-3.3194,H,I,inferred_not_workbook_labeled
526,200,210,41.5317,44.947,-3.4153,H,I,inferred_not_workbook_labeled
525,200,210,41.8809,45.356,-3.4751,H,I,inferred_not_workbook_labeled
524,200,210,42.3117,45.759,-3.4473,H,I,inferred_not_workbook_labeled
523,200,210,42.597,46.155,-3.558,H,I,inferred_not_workbook_labeled
522,200,210,43.071,46.544,-3.473,H,I,inferred_not_workbook_labeled
521,200,210,43.6384,46.926,-3.2876,H,I,inferred_not_workbook_labeled
520,200,210,44.0659,47.302,-3.2361,H,I,inferred_not_workbook_labeled
519,200,210,44.6814,47.67,-2.9886,H,I,inferred_not_workbook_labeled
518,200,210,45.1669,48.032,-2.8651,H,I,inferred_not_workbook_labeled
517,200,210,45.4511,48.387,-2.9359,H,I,inferred_not_workbook_labeled
516,200,210,45.8349,48.734,-2.8991,H,I,inferred_not_workbook_labeled
515,200,210,46.1382,49.075,-2.9368,H,I,inferred_not_workbook_labeled
514,200,210,46.6158,49.409,-2.7932,H,I,inferred_not_workbook_labeled
513,200,210,46.8282,49.735,-2.9068,H,I,inferred_not_workbook_labeled
512,200,210,47.2685,50.054,-2.7855,H,I,inferred_not_workbook_labeled
511,200,210,47.5235,50.366,-2.8425,H,I,inferred_not_workbook_labeled
510,200,210,48.1108,50.671,-2.5602,H,I,inferred_not_workbook_labeled
509,200,210,48.4621,50.968,-2.5059,H,I,inferred_not_workbook_labeled
508,200,210,48.8013,51.258,-2.4567,H,I,inferred_not_workbook_labeled
507,200,210,49.0764,51.54,-2.4636,H,I,inferred_not_workbook_labeled
506,200,210,49.5257,51.814,-2.2883,H,I,inferred_not_workbook_labeled
505,200,210,49.9194,52.081,-2.1616,H,I,inferred_not_workbook_labeled
504,200,210,50.2072,52.339,-2.1318,H,I,inferred_not_workbook_labeled
503,200,210,50.2811,52.59,-2.3089,H,I,inferred_not_workbook_labeled
502,200,210,50.6396,52.832,-2.1924,H,I,inferred_not_workbook_labeled
501,200,210,50.8707,53.066,-2.1953,H,I,inferred_not_workbook_labeled
500,200,210,51.1885,53.292,-2.1035,H,I,inferred_not_workbook_labeled
499,200,210,51.3537,53.509,-2.1553,H,I,inferred_not_workbook_labeled
498,200,210,51.8428,53.717,-1.8742,H,I,inferred_not_workbook_labeled
497,200,210,51.8801,53.917,-2.0369,H,I,inferred_not_workbook_labeled
496,200,210,52.1971,54.108,-1.9109,H,I,inferred_not_workbook_labeled
495,200,210,52.4556,54.289,-1.8334,H,I,inferred_not_workbook_labeled
494,200,210,52.8034,54.462,-1.6586,H,I,inferred_not_workbook_labeled
493,200,210,53.1107,54.625,-1.5143,H,I,inferred_not_workbook_labeled
492,200,210,53.2193,54.779,-1.5597,H,I,inferred_not_workbook_labeled
491,200,210,53.3202,54.924,-1.6038,H,I,inferred_not_workbook_labeled
490,200,210,53.4986,55.059,-1.5604,H,I,inferred_not_workbook_labeled
489,200,210,53.6942,55.184,-1.4898,H,I,inferred_not_workbook_labeled
488,200,210,53.9899,55.3,-1.3101,H,I,inferred_not_workbook_labeled
487,200,210,54.1879,55.406,-1.2181,H,I,inferred_not_workbook_labeled
486,200,210,54.3215,55.503,-1.1815,H,I,inferred_not_workbook_labeled
485,200,210,54.3697,55.59,-1.2203,H,I,inferred_not_workbook_labeled
484,200,210,54.6917,55.667,-0.9753,H,I,inferred_not_workbook_labeled
483,200,210,54.7888,55.734,-0.9452,H,I,inferred_not_workbook_labeled
482,200,210,54.7746,55.791,-1.0164,H,I,inferred_not_workbook_labeled
481,200,210,54.6468,55.839,-1.1922,H,I,inferred_not_workbook_labeled
480,200,210,54.5905,55.877,-1.2865,H,I,inferred_not_workbook_labeled
479,200,210,54.8045,55.905,-1.1005,H,I,inferred_not_workbook_labeled
478,200,210,55.2542,55.923,-0.6688,H,I,inferred_not_workbook_labeled
477,200,210,55.3041,55.931,-0.6269,H,I,inferred_not_workbook_labeled
476,200,210,55.2691,55.93,-0.6609,H,I,inferred_not_workbook_labeled
475,200,210,55.0988,55.918,-0.8192,H,I,inferred_not_workbook_labeled
474,200,210,55.4622,55.896,-0.4338,H,I,inferred_not_workbook_labeled
473,200,210,55.439,55.864,-0.425,H,I,inferred_not_workbook_labeled
472,200,210,55.5502,55.822,-0.2718,H,I,inferred_not_workbook_labeled
471,200,210,55.3918,55.769,-0.3772,H,I,inferred_not_workbook_labeled
470,200,210,55.5785,55.706,-0.1275,H,I,inferred_not_workbook_labeled
469,200,210,55.3584,55.632,-0.2736,H,I,inferred_not_workbook_labeled
468,200,210,55.1955,55.547,-0.3515,H,I,inferred_not_workbook_labeled
467,200,210,54.9576,55.45,-0.4924,H,I,inferred_not_workbook_labeled
466,200,210,55.0855,55.342,-0.2565,H,I,inferred_not_workbook_labeled
465,200,210,55.2487,55.222,0.0267,H,I,inferred_not_workbook_labeled
464,200,210,55.1007,55.09,0.0107,H,I,inferred_not_workbook_labeled
463,200,210,55.0207,54.945,0.0757,H,I,inferred_not_workbook_labeled
462,200,210,54.8937,54.787,0.1067,H,I,inferred_not_workbook_labeled
461,200,210,54.6779,54.615,0.0629,H,I,inferred_not_workbook_labeled
460,200,210,54.4919,54.429,0.0629,H,I,inferred_not_workbook_labeled
459,200,210,54.2914,54.228,0.0634,H,I,inferred_not_workbook_labeled
458,200,210,53.935,54.013,-0.078,H,I,inferred_not_workbook_labeled
457,200,210,53.727,53.782,-0.055,H,I,inferred_not_workbook_labeled
456,200,210,53.5669,53.534,0.0329,H,I,inferred_not_workbook_labeled
455,200,210,53.3953,53.27,0.1253,H,I,inferred_not_workbook_labeled
454,200,210,53.1877,52.989,0.1987,H,I,inferred_not_workbook_labeled
453,200,210,52.9388,52.69,0.2488,H,I,inferred_not_workbook_labeled
452,200,210,52.4772,52.373,0.1042,H,I,inferred_not_workbook_labeled
451,200,210,52.298,52.038,0.26,H,I,inferred_not_workbook_labeled
450,200,210,52.0942,51.683,0.4112,H,I,inferred_not_workbook_labeled
449,200,210,51.7989,51.308,0.4909,H,I,inferred_not_workbook_labeled
448,200,210,51.1911,50.914,0.2771,H,I,inferred_not_workbook_labeled
447,200,210,50.8441,50.499,0.3451,H,I,inferred_not_workbook_labeled
446,200,210,50.5989,50.063,0.5359,H,I,inferred_not_workbook_labeled
445,200,210,50.4589,49.606,0.8529,H,I,inferred_not_workbook_labeled
444,200,210,49.9099,49.127,0.7829,H,I,inferred_not_workbook_labeled
443,200,210,49.1808,48.627,0.5538,H,I,inferred_not_workbook_labeled
442,200,210,48.5165,48.105,0.4115,H,I,inferred_not_workbook_labeled
441,200,210,48.2282,47.559,0.6692,H,I,inferred_not_workbook_labeled
440,200,210,47.5813,46.992,0.5893,H,I,inferred_not_workbook_labeled
439,200,210,46.9306,46.401,0.5296,H,I,inferred_not_workbook_labeled
438,200,210,46.2568,45.786,0.4708,H,I,inferred_not_workbook_labeled
437,200,210,45.6054,45.148,0.4574,H,I,inferred_not_workbook_labeled
436,200,210,44.9537,44.486,0.4677,H,I,inferred_not_workbook_labeled
435,200,210,44.2664,43.799,0.4674,H,I,inferred_not_workbook_labeled
434,200,210,43.5414,43.088,0.4534,H,I,inferred_not_workbook_labeled
433,200,210,42.8246,42.351,0.4736,H,I,inferred_not_workbook_labeled
432,200,210,41.978,41.588,0.39,H,I,inferred_not_workbook_labeled
431,200,210,41.1174,40.798,0.3194,H,I,inferred_not_workbook_labeled
430,200,210,40.1938,39.982,0.2118,H,I,inferred_not_workbook_labeled
429,200,210,39.3326,39.139,0.1936,H,I,inferred_not_workbook_labeled
428,200,210,38.4857,38.267,0.2187,H,I,inferred_not_workbook_labeled
427,200,210,37.5676,37.368,0.1996,H,I,inferred_not_workbook_labeled
426,200,210,36.533,36.439,0.094,H,I,inferred_not_workbook_labeled
425,200,210,35.6354,35.482,0.1534,H,I,inferred_not_workbook_labeled
424,200,210,34.3262,34.495,-0.1688,H,I,inferred_not_workbook_labeled
423,200,210,33.1969,33.478,-0.2811,H,I,inferred_not_workbook_labeled
422,200,210,32.017,32.432,-0.415,H,I,inferred_not_workbook_labeled
421,200,210,31.1479,31.357,-0.2091,H,I,inferred_not_workbook_labeled
420,200,210,29.958,30.254,-0.296,H,I,inferred_not_workbook_labeled
419,200,210,28.3894,29.122,-0.7326,H,I,inferred_not_workbook_labeled
418,200,210,27.2083,27.965,-0.7567,H,I,inferred_not_workbook_labeled
417,200,210,25.7605,26.783,-1.0225,H,I,inferred_not_workbook_labeled
416,200,210,24.3385,25.578,-1.2395,H,I,inferred_not_workbook_labeled
415,200,210,23.0161,24.354,-1.3379,H,I,inferred_not_workbook_labeled
414,200,210,21.6677,23.112,-1.4443,H,I,inferred_not_workbook_labeled
413,200,210,20.2913,21.858,-1.5667,H,I,inferred_not_workbook_labeled
412,200,210,18.8856,20.595,-1.7094,H,I,inferred_not_workbook_labeled
411,200,210,17.4019,19.329,-1.9271,H,I,inferred_not_workbook_labeled
410,200,210,15.7808,18.064,-2.2832,H,I,inferred_not_workbook_labeled
409,200,210,14.3595,16.807,-2.4475,H,I,inferred_not_workbook_labeled
408,200,210,13.0773,15.565,-2.4877,H,I,inferred_not_workbook_labeled
407,200,210,11.7468,14.344,-2.5972,H,I,inferred_not_workbook_labeled
406,200,210,10.4901,13.153,-2.6629,H,I,inferred_not_workbook_labeled
405,200,210,9.28312,12.0,-2.71688,H,I,inferred_not_workbook_labeled
404,200,210,7.93879,10.893,-2.95421,H,I,inferred_not_workbook_labeled
403,200,210,6.71759,9.841,-3.12341,H,I,inferred_not_workbook_labeled
402,200,210,5.60678,8.853,-3.24622,H,I,inferred_not_workbook_labeled
401,200,210,4.60389,7.938,-3.33411,H,I,inferred_not_workbook_labeled
400,200,210,3.86277,7.105,-3.24223,H,I,inferred_not_workbook_labeled
399,200,210,3.09972,6.362,-3.26228,H,I,inferred_not_workbook_labeled
398,200,210,2.43465,5.718,-3.28335,H,I,inferred_not_workbook_labeled
397,200,210,1.9461,5.181,-3.2349,H,I,inferred_not_workbook_labeled
396,200,210,1.59511,4.758,-3.16289,H,I,inferred_not_workbook_labeled
395,200,210,1.35716,4.455,-3.09784,H,I,inferred_not_workbook_labeled
394,200,210,1.34174,4.277,-2.93526,H,I,inferred_not_workbook_labeled
393,200,210,1.48333,4.229,-2.74567,H,I,inferred_not_workbook_labeled
392,200,210,1.77195,4.314,-2.54205,H,I,inferred_not_workbook_labeled
391,200,210,2.27193,4.534,-2.26207,H,I,inferred_not_workbook_labeled
390,200,210,2.95437,4.889,-1.93463,H,I,inferred_not_workbook_labeled
389,200,210,3.79021,5.38,-1.58979,H,I,inferred_not_workbook_labeled
388,200,210,4.72743,6.002,-1.27457,H,I,inferred_not_workbook_labeled
387,200,210,5.8346,6.754,-0.9194,H,I,inferred_not_workbook_labeled
386,200,210,7.1267,7.629,-0.5023,H,I,inferred_not_workbook_labeled
385,200,210,8.47898,8.622,-0.14302,H,I,inferred_not_workbook_labeled
384,200,210,9.83728,9.725,0.11228,H,I,inferred_not_workbook_labeled
383,200,210,11.5636,10.93,0.6336,H,I,inferred_not_workbook_labeled
382,200,210,13.3879,12.226,1.1619,H,I,inferred_not_workbook_labeled
381,200,210,15.2079,13.605,1.6029,H,I,inferred_not_workbook_labeled
380,200,210,16.691,15.053,1.638,H,I,inferred_not_workbook_labeled
379,200,210,18.4199,16.562,1.8579,H,I,inferred_not_workbook_labeled
378,200,210,20.2994,18.118,2.1814,H,I,inferred_not_workbook_labeled
377,200,210,22.0847,19.71,2.3747,H,I,inferred_not_workbook_labeled
376,200,210,23.958,21.327,2.631,H,I,inferred_not_workbook_labeled
375,200,210,25.7044,22.959,2.7454,H,I,inferred_not_workbook_labeled
374,200,210,27.2373,24.594,2.6433,H,I,inferred_not_workbook_labeled
373,200,210,28.6684,26.223,2.4454,H,I,inferred_not_workbook_labeled
372,200,210,30.3845,27.837,2.5475,H,I,inferred_not_workbook_labeled
371,200,210,31.7899,29.428,2.3619,H,I,inferred_not_workbook_labeled
370,200,210,33.5921,30.991,2.6011,H,I,inferred_not_workbook_labeled
369,200,210,34.1113,32.518,1.5933,H,I,inferred_not_workbook_labeled
368,200,210,35.7084,34.005,1.7034,H,I,inferred_not_workbook_labeled
367,200,210,36.8428,35.45,1.3928,H,I,inferred_not_workbook_labeled
366,200,210,37.6393,36.848,0.7913,H,I,inferred_not_workbook_labeled
365,200,210,39.0632,38.199,0.8642,H,I,inferred_not_workbook_labeled
364,200,210,39.8218,39.501,0.3208,H,I,inferred_not_workbook_labeled
363,200,210,41.1433,40.753,0.3903,H,I,inferred_not_workbook_labeled
362,200,210,41.5228,41.956,-0.4332,H,I,inferred_not_workbook_labeled
361,200,210,41.9509,43.11,-1.1591,H,I,inferred_not_workbook_labeled
360,200,210,42.0261,44.214,-2.1879,H,I,inferred_not_workbook_labeled
359,200,210,42.5724,45.269,-2.6966,H,I,inferred_not_workbook_labeled
358,200,210,43.1677,46.275,-3.1073,H,I,inferred_not_workbook_labeled
357,200,210,42.1922,47.23,-5.0378,H,I,inferred_not_workbook_labeled
356,200,210,42.0637,48.134,-6.0703,H,I,inferred_not_workbook_labeled
355,200,210,42.2932,48.984,-6.6908,H,I,inferred_not_workbook_labeled
354,200,210,42.6373,49.781,-7.1437,H,I,inferred_not_workbook_labeled
353,200,210,41.4063,50.52,-9.1137,H,I,inferred_not_workbook_labeled
352,200,210,41.5805,51.198,-9.6175,H,I,inferred_not_workbook_labeled
351,200,210,41.1404,51.813,-10.6726,H,I,inferred_not_workbook_labeled
350,200,210,39.8729,52.361,-12.4881,H,I,inferred_not_workbook_labeled
780,215,140,49.2009,43.209,5.9919,J,K,inferred_not_workbook_labeled
779,215,140,48.5619,43.005,5.5569,J,K,inferred_not_workbook_labeled
778,215,140,48.6431,42.799,5.8441,J,K,inferred_not_workbook_labeled
777,215,140,47.9857,42.591,5.3947,J,K,inferred_not_workbook_labeled
776,215,140,48.1832,42.381,5.8022,J,K,inferred_not_workbook_labeled
775,215,140,47.3879,42.169,5.2189,J,K,inferred_not_workbook_labeled
774,215,140,47.6057,41.955,5.6507,J,K,inferred_not_workbook_labeled
773,215,140,47.7714,41.738,6.0334,J,K,inferred_not_workbook_labeled
772,215,140,47.6446,41.52,6.1246,J,K,inferred_not_workbook_labeled
771,215,140,47.8849,41.299,6.5859,J,K,inferred_not_workbook_labeled
770,215,140,46.9445,41.076,5.8685,J,K,inferred_not_workbook_labeled
769,215,140,46.2535,40.851,5.4025,J,K,inferred_not_workbook_labeled
768,215,140,46.2959,40.624,5.6719,J,K,inferred_not_workbook_labeled
767,215,140,46.2813,40.395,5.8863,J,K,inferred_not_workbook_labeled
766,215,140,45.6605,40.163,5.4975,J,K,inferred_not_workbook_labeled
765,215,140,45.532,39.929,5.603,J,K,inferred_not_workbook_labeled
764,215,140,45.8911,39.693,6.1981,J,K,inferred_not_workbook_labeled
763,215,140,45.8297,39.454,6.3757,J,K,inferred_not_workbook_labeled
762,215,140,45.2178,39.214,6.0038,J,K,inferred_not_workbook_labeled
761,215,140,44.6675,38.97,5.6975,J,K,inferred_not_workbook_labeled
760,215,140,43.9193,38.725,5.1943,J,K,inferred_not_workbook_labeled
759,215,140,43.3754,38.477,4.8984,J,K,inferred_not_workbook_labeled
758,215,140,43.5349,38.227,5.3079,J,K,inferred_not_workbook_labeled
757,215,140,43.6667,37.974,5.6927,J,K,inferred_not_workbook_labeled
756,215,140,43.3652,37.72,5.6452,J,K,inferred_not_workbook_labeled
755,215,140,42.7109,37.462,5.2489,J,K,inferred_not_workbook_labeled
754,215,140,42.7166,37.203,5.5136,J,K,inferred_not_workbook_labeled
753,215,140,42.3341,36.941,5.3931,J,K,inferred_not_workbook_labeled
752,215,140,42.0534,36.676,5.3774,J,K,inferred_not_workbook_labeled
751,215,140,41.437,36.41,5.027,J,K,inferred_not_workbook_labeled
750,215,140,41.4137,36.14,5.2737,J,K,inferred_not_workbook_labeled
749,215,140,41.04,35.869,5.171,J,K,inferred_not_workbook_labeled
748,215,140,40.9011,35.595,5.3061,J,K,inferred_not_workbook_labeled
747,215,140,40.4867,35.319,5.1677,J,K,inferred_not_workbook_labeled
746,215,140,39.8536,35.04,4.8136,J,K,inferred_not_workbook_labeled
745,215,140,39.7198,34.759,4.9608,J,K,inferred_not_workbook_labeled
744,215,140,39.8539,34.476,5.3779,J,K,inferred_not_workbook_labeled
743,215,140,39.4094,34.19,5.2194,J,K,inferred_not_workbook_labeled
742,215,140,38.8977,33.902,4.9957,J,K,inferred_not_workbook_labeled
741,215,140,38.3425,33.612,4.7305,J,K,inferred_not_workbook_labeled
740,215,140,38.1971,33.319,4.8781,J,K,inferred_not_workbook_labeled
739,215,140,37.7066,33.024,4.6826,J,K,inferred_not_workbook_labeled
738,215,140,37.1771,32.727,4.4501,J,K,inferred_not_workbook_labeled
737,215,140,36.986,32.428,4.558,J,K,inferred_not_workbook_labeled
736,215,140,36.8308,32.126,4.7048,J,K,inferred_not_workbook_labeled
735,215,140,36.6857,31.822,4.8637,J,K,inferred_not_workbook_labeled
734,215,140,36.272,31.516,4.756,J,K,inferred_not_workbook_labeled
733,215,140,35.7756,31.208,4.5676,J,K,inferred_not_workbook_labeled
732,215,140,35.495,30.898,4.597,J,K,inferred_not_workbook_labeled
731,215,140,34.8442,30.586,4.2582,J,K,inferred_not_workbook_labeled
730,215,140,34.4642,30.272,4.1922,J,K,inferred_not_workbook_labeled
729,215,140,34.3462,29.955,4.3912,J,K,inferred_not_workbook_labeled
728,215,140,34.0695,29.637,4.4325,J,K,inferred_not_workbook_labeled
727,215,140,33.9467,29.317,4.6297,J,K,inferred_not_workbook_labeled
726,215,140,33.7545,28.995,4.7595,J,K,inferred_not_workbook_labeled
725,215,140,33.2294,28.671,4.5584,J,K,inferred_not_workbook_labeled
724,215,140,32.9097,28.345,4.5647,J,K,inferred_not_workbook_labeled
723,215,140,32.4039,28.018,4.3859,J,K,inferred_not_workbook_labeled
722,215,140,31.9291,27.689,4.2401,J,K,inferred_not_workbook_labeled
721,215,140,31.6041,27.358,4.2461,J,K,inferred_not_workbook_labeled
720,215,140,31.2442,27.026,4.2182,J,K,inferred_not_workbook_labeled
719,215,140,30.6456,26.692,3.9536,J,K,inferred_not_workbook_labeled
718,215,140,30.3126,26.357,3.9556,J,K,inferred_not_workbook_labeled
717,215,140,30.0539,26.02,4.0339,J,K,inferred_not_workbook_labeled
716,215,140,29.7085,25.683,4.0255,J,K,inferred_not_workbook_labeled
715,215,140,29.4799,25.344,4.1359,J,K,inferred_not_workbook_labeled
714,215,140,29.0619,25.003,4.0589,J,K,inferred_not_workbook_labeled
713,215,140,28.6139,24.662,3.9519,J,K,inferred_not_workbook_labeled
712,215,140,28.3807,24.32,4.0607,J,K,inferred_not_workbook_labeled
711,215,140,27.6813,23.977,3.7043,J,K,inferred_not_workbook_labeled
710,215,140,27.4136,23.633,3.7806,J,K,inferred_not_workbook_labeled
709,215,140,27.1126,23.289,3.8236,J,K,inferred_not_workbook_labeled
708,215,140,26.4334,22.944,3.4894,J,K,inferred_not_workbook_labeled
707,215,140,26.2894,22.598,3.6914,J,K,inferred_not_workbook_labeled
706,215,140,25.9637,22.252,3.7117,J,K,inferred_not_workbook_labeled
705,215,140,25.3327,21.906,3.4267,J,K,inferred_not_workbook_labeled
704,215,140,25.1855,21.56,3.6255,J,K,inferred_not_workbook_labeled
703,215,140,24.6798,21.213,3.4668,J,K,inferred_not_workbook_labeled
702,215,140,24.0958,20.867,3.2288,J,K,inferred_not_workbook_labeled
701,215,140,23.9103,20.521,3.3893,J,K,inferred_not_workbook_labeled
700,215,140,23.4719,20.175,3.2969,J,K,inferred_not_workbook_labeled
699,215,140,22.8891,19.83,3.0591,J,K,inferred_not_workbook_labeled
698,215,140,22.4517,19.485,2.9667,J,K,inferred_not_workbook_labeled
697,215,140,22.1797,19.141,3.0387,J,K,inferred_not_workbook_labeled
696,215,140,21.9931,18.798,3.1951,J,K,inferred_not_workbook_labeled
695,215,140,21.5738,18.456,3.1178,J,K,inferred_not_workbook_labeled
694,215,140,21.1912,18.116,3.0752,J,K,inferred_not_workbook_labeled
693,215,140,20.8246,17.776,3.0486,J,K,inferred_not_workbook_labeled
692,215,140,20.5058,17.439,3.0668,J,K,inferred_not_workbook_labeled
691,215,140,20.1751,17.103,3.0721,J,K,inferred_not_workbook_labeled
690,215,140,19.7049,16.769,2.9359,J,K,inferred_not_workbook_labeled
689,215,140,19.3424,16.437,2.9054,J,K,inferred_not_workbook_labeled
688,215,140,18.8541,16.107,2.7471,J,K,inferred_not_workbook_labeled
687,215,140,18.4927,15.78,2.7127,J,K,inferred_not_workbook_labeled
686,215,140,18.1054,15.455,2.6504,J,K,inferred_not_workbook_labeled
685,215,140,17.7754,15.134,2.6414,J,K,inferred_not_workbook_labeled
684,215,140,17.5663,14.815,2.7513,J,K,inferred_not_workbook_labeled
683,215,140,17.2798,14.5,2.7798,J,K,inferred_not_workbook_labeled
682,215,140,16.7337,14.189,2.5447,J,K,inferred_not_workbook_labeled
681,215,140,16.3295,13.881,2.4485,J,K,inferred_not_workbook_labeled
680,215,140,16.0463,13.577,2.4693,J,K,inferred_not_workbook_labeled
679,215,140,15.6441,13.277,2.3671,J,K,inferred_not_workbook_labeled
678,215,140,15.2547,12.982,2.2727,J,K,inferred_not_workbook_labeled
677,215,140,14.9968,12.691,2.3058,J,K,inferred_not_workbook_labeled
676,215,140,14.6391,12.406,2.2331,J,K,inferred_not_workbook_labeled
675,215,140,14.2793,12.125,2.1543,J,K,inferred_not_workbook_labeled
674,215,140,13.9769,11.85,2.1269,J,K,inferred_not_workbook_labeled
673,215,140,13.7365,11.581,2.1555,J,K,inferred_not_workbook_labeled
672,215,140,13.4294,11.317,2.1124,J,K,inferred_not_workbook_labeled
671,215,140,13.1554,11.06,2.0954,J,K,inferred_not_workbook_labeled
670,215,140,12.8537,10.809,2.0447,J,K,inferred_not_workbook_labeled
669,215,140,12.6563,10.565,2.0913,J,K,inferred_not_workbook_labeled
668,215,140,12.2524,10.328,1.9244,J,K,inferred_not_workbook_labeled
667,215,140,11.9577,10.097,1.8607,J,K,inferred_not_workbook_labeled
666,215,140,11.7452,9.875,1.8702,J,K,inferred_not_workbook_labeled
665,215,140,11.4588,9.66,1.7988,J,K,inferred_not_workbook_labeled
664,215,140,11.1517,9.453,1.6987,J,K,inferred_not_workbook_labeled
663,215,140,10.9201,9.254,1.6661,J,K,inferred_not_workbook_labeled
662,215,140,10.7242,9.064,1.6602,J,K,inferred_not_workbook_labeled
661,215,140,10.5988,8.882,1.7168,J,K,inferred_not_workbook_labeled
660,215,140,10.4138,8.71,1.7038,J,K,inferred_not_workbook_labeled
659,215,140,10.074,8.546,1.528,J,K,inferred_not_workbook_labeled
658,215,140,9.92488,8.392,1.53288,J,K,inferred_not_workbook_labeled
657,215,140,9.69312,8.248,1.44512,J,K,inferred_not_workbook_labeled
656,215,140,9.54364,8.114,1.42964,J,K,inferred_not_workbook_labeled
655,215,140,9.46113,7.99,1.47113,J,K,inferred_not_workbook_labeled
654,215,140,9.42784,7.876,1.55184,J,K,inferred_not_workbook_labeled
653,215,140,9.28203,7.773,1.50903,J,K,inferred_not_workbook_labeled
652,215,140,9.15316,7.681,1.47216,J,K,inferred_not_workbook_labeled
651,215,140,8.9561,7.6,1.3561,J,K,inferred_not_workbook_labeled
650,215,140,8.91742,7.53,1.38742,J,K,inferred_not_workbook_labeled
649,215,140,8.90312,7.472,1.43112,J,K,inferred_not_workbook_labeled
648,215,140,8.83474,7.425,1.40974,J,K,inferred_not_workbook_labeled
647,215,140,8.7107,7.389,1.3217,J,K,inferred_not_workbook_labeled
646,215,140,8.68233,7.366,1.31633,J,K,inferred_not_workbook_labeled
645,215,140,8.68368,7.355,1.32868,J,K,inferred_not_workbook_labeled
644,215,140,8.62572,7.356,1.26972,J,K,inferred_not_workbook_labeled
643,215,140,8.67569,7.369,1.30669,J,K,inferred_not_workbook_labeled
642,215,140,8.70564,7.395,1.31064,J,K,inferred_not_workbook_labeled
641,215,140,8.718,7.433,1.285,J,K,inferred_not_workbook_labeled
640,215,140,8.64415,7.484,1.16015,J,K,inferred_not_workbook_labeled
639,215,140,8.71538,7.548,1.16738,J,K,inferred_not_workbook_labeled
638,215,140,8.8277,7.624,1.2037,J,K,inferred_not_workbook_labeled
637,215,140,8.98455,7.714,1.27055,J,K,inferred_not_workbook_labeled
636,215,140,8.98052,7.816,1.16452,J,K,inferred_not_workbook_labeled
635,215,140,9.11335,7.931,1.18235,J,K,inferred_not_workbook_labeled
634,215,140,9.26355,8.059,1.20455,J,K,inferred_not_workbook_labeled
633,215,140,9.44387,8.2,1.24387,J,K,inferred_not_workbook_labeled
632,215,140,9.52101,8.354,1.16701,J,K,inferred_not_workbook_labeled
631,215,140,9.77073,8.52,1.25073,J,K,inferred_not_workbook_labeled
630,215,140,9.88929,8.7,1.18929,J,K,inferred_not_workbook_labeled
629,215,140,10.0604,8.892,1.1684,J,K,inferred_not_workbook_labeled
628,215,140,10.2736,9.097,1.1766,J,K,inferred_not_workbook_labeled
627,215,140,10.4907,9.314,1.1767,J,K,inferred_not_workbook_labeled
626,215,140,10.8284,9.544,1.2844,J,K,inferred_not_workbook_labeled
625,215,140,10.9604,9.787,1.1734,J,K,inferred_not_workbook_labeled
624,215,140,11.2702,10.042,1.2282,J,K,inferred_not_workbook_labeled
623,215,140,11.562,10.309,1.253,J,K,inferred_not_workbook_labeled
622,215,140,11.8022,10.588,1.2142,J,K,inferred_not_workbook_labeled
621,215,140,12.0429,10.878,1.1649,J,K,inferred_not_workbook_labeled
620,215,140,12.3725,11.181,1.1915,J,K,inferred_not_workbook_labeled
619,215,140,12.6246,11.494,1.1306,J,K,inferred_not_workbook_labeled
618,215,140,12.9704,11.819,1.1514,J,K,inferred_not_workbook_labeled
617,215,140,13.4667,12.155,1.3117,J,K,inferred_not_workbook_labeled
616,215,140,13.8201,12.502,1.3181,J,K,inferred_not_workbook_labeled
615,215,140,14.1068,12.859,1.2478,J,K,inferred_not_workbook_labeled
614,215,140,14.5351,13.227,1.3081,J,K,inferred_not_workbook_labeled
613,215,140,15.0131,13.605,1.4081,J,K,inferred_not_workbook_labeled
612,215,140,15.3309,13.993,1.3379,J,K,inferred_not_workbook_labeled
611,215,140,15.7737,14.39,1.3837,J,K,inferred_not_workbook_labeled
610,215,140,16.1346,14.796,1.3386,J,K,inferred_not_workbook_labeled
609,215,140,16.5877,15.211,1.3767,J,K,inferred_not_workbook_labeled
608,215,140,17.078,15.635,1.443,J,K,inferred_not_workbook_labeled
607,215,140,17.5002,16.067,1.4332,J,K,inferred_not_workbook_labeled
606,215,140,17.9577,16.507,1.4507,J,K,inferred_not_workbook_labeled
605,215,140,18.4246,16.955,1.4696,J,K,inferred_not_workbook_labeled
604,215,140,18.787,17.411,1.376,J,K,inferred_not_workbook_labeled
603,215,140,19.3683,17.873,1.4953,J,K,inferred_not_workbook_labeled
602,215,140,19.8323,18.342,1.4903,J,K,inferred_not_workbook_labeled
601,215,140,20.3817,18.817,1.5647,J,K,inferred_not_workbook_labeled
600,215,140,20.668,19.298,1.37,J,K,inferred_not_workbook_labeled
599,215,140,21.3268,19.785,1.5418,J,K,inferred_not_workbook_labeled
598,215,140,21.7666,20.277,1.4896,J,K,inferred_not_workbook_labeled
597,215,140,22.3996,20.775,1.6246,J,K,inferred_not_workbook_labeled
596,215,140,22.9471,21.276,1.6711,J,K,inferred_not_workbook_labeled
595,215,140,23.2365,21.782,1.4545,J,K,inferred_not_workbook_labeled
594,215,140,23.7082,22.292,1.4162,J,K,inferred_not_workbook_labeled
593,215,140,24.37,22.806,1.564,J,K,inferred_not_workbook_labeled
592,215,140,24.841,23.322,1.519,J,K,inferred_not_workbook_labeled
591,215,140,25.3172,23.842,1.4752,J,K,inferred_not_workbook_labeled
590,215,140,25.9587,24.364,1.5947,J,K,inferred_not_workbook_labeled
589,215,140,26.452,24.888,1.564,J,K,inferred_not_workbook_labeled
588,215,140,27.0471,25.414,1.6331,J,K,inferred_not_workbook_labeled
587,215,140,27.5544,25.941,1.6134,J,K,inferred_not_workbook_labeled
586,215,140,28.1154,26.47,1.6454,J,K,inferred_not_workbook_labeled
585,215,140,28.6417,27.0,1.6417,J,K,inferred_not_workbook_labeled
584,215,140,29.1861,27.53,1.6561,J,K,inferred_not_workbook_labeled
583,215,140,29.815,28.06,1.755,J,K,inferred_not_workbook_labeled
582,215,140,30.2475,28.59,1.6575,J,K,inferred_not_workbook_labeled
581,215,140,30.662,29.12,1.542,J,K,inferred_not_workbook_labeled
580,215,140,31.2168,29.649,1.5678,J,K,inferred_not_workbook_labeled
579,215,140,31.8429,30.177,1.6659,J,K,inferred_not_workbook_labeled
578,215,140,32.2778,30.704,1.5738,J,K,inferred_not_workbook_labeled
577,215,140,32.8767,31.23,1.6467,J,K,inferred_not_workbook_labeled
576,215,140,33.5467,31.754,1.7927,J,K,inferred_not_workbook_labeled
575,215,140,34.0263,32.275,1.7513,J,K,inferred_not_workbook_labeled
574,215,140,34.4811,32.795,1.6861,J,K,inferred_not_workbook_labeled
573,215,140,34.8781,33.312,1.5661,J,K,inferred_not_workbook_labeled
572,215,140,35.3931,33.826,1.5671,J,K,inferred_not_workbook_labeled
571,215,140,35.9852,34.338,1.6472,J,K,inferred_not_workbook_labeled
570,215,140,36.581,34.846,1.735,J,K,inferred_not_workbook_labeled
569,215,140,37.2453,35.352,1.8933,J,K,inferred_not_workbook_labeled
568,215,140,37.8685,35.853,2.0155,J,K,inferred_not_workbook_labeled
567,215,140,38.3145,36.351,1.9635,J,K,inferred_not_workbook_labeled
566,215,140,38.8054,36.845,1.9604,J,K,inferred_not_workbook_labeled
565,215,140,39.1285,37.335,1.7935,J,K,inferred_not_workbook_labeled
564,215,140,39.7584,37.822,1.9364,J,K,inferred_not_workbook_labeled
563,215,140,40.0984,38.303,1.7954,J,K,inferred_not_workbook_labeled
562,215,140,40.4742,38.781,1.6932,J,K,inferred_not_workbook_labeled
561,215,140,41.0339,39.253,1.7809,J,K,inferred_not_workbook_labeled
560,215,140,41.4473,39.721,1.7263,J,K,inferred_not_workbook_labeled
559,215,140,42.0944,40.184,1.9104,J,K,inferred_not_workbook_labeled
558,215,140,42.4749,40.642,1.8329,J,K,inferred_not_workbook_labeled
557,215,140,42.8219,41.096,1.7259,J,K,inferred_not_workbook_labeled
556,215,140,43.2594,41.544,1.7154,J,K,inferred_not_workbook_labeled
555,215,140,43.6512,41.986,1.6652,J,K,inferred_not_workbook_labeled
554,215,140,44.1398,42.423,1.7168,J,K,inferred_not_workbook_labeled
553,215,140,44.6338,42.855,1.7788,J,K,inferred_not_workbook_labeled
552,215,140,45.0763,43.281,1.7953,J,K,inferred_not_workbook_labeled
551,215,140,45.6477,43.701,1.9467,J,K,inferred_not_workbook_labeled
550,215,140,46.0542,44.116,1.9382,J,K,inferred_not_workbook_labeled
549,215,140,46.3896,44.525,1.8646,J,K,inferred_not_workbook_labeled
548,215,140,46.6507,44.927,1.7237,J,K,inferred_not_workbook_labeled
547,215,140,47.0757,45.324,1.7517,J,K,inferred_not_workbook_labeled
546,215,140,47.5194,45.714,1.8054,J,K,inferred_not_workbook_labeled
545,215,140,47.7706,46.099,1.6716,J,K,inferred_not_workbook_labeled
544,215,140,48.1501,46.476,1.6741,J,K,inferred_not_workbook_labeled
543,215,140,48.5328,46.848,1.6848,J,K,inferred_not_workbook_labeled
542,215,140,49.0429,47.213,1.8299,J,K,inferred_not_workbook_labeled
541,215,140,49.2472,47.571,1.6762,J,K,inferred_not_workbook_labeled
540,215,140,49.6319,47.922,1.7099,J,K,inferred_not_workbook_labeled
539,215,140,50.0029,48.267,1.7359,J,K,inferred_not_workbook_labeled
538,215,140,50.2964,48.605,1.6914,J,K,inferred_not_workbook_labeled
537,215,140,50.7426,48.936,1.8066,J,K,inferred_not_workbook_labeled
536,215,140,50.9448,49.26,1.6848,J,K,inferred_not_workbook_labeled
535,215,140,51.1476,49.577,1.5706,J,K,inferred_not_workbook_labeled
534,215,140,51.5425,49.886,1.6565,J,K,inferred_not_workbook_labeled
533,215,140,51.7232,50.189,1.5342,J,K,inferred_not_workbook_labeled
532,215,140,52.1675,50.484,1.6835,J,K,inferred_not_workbook_labeled
531,215,140,52.4671,50.773,1.6941,J,K,inferred_not_workbook_labeled
530,215,140,52.8023,51.054,1.7483,J,K,inferred_not_workbook_labeled
529,215,140,53.3063,51.327,1.9793,J,K,inferred_not_workbook_labeled
528,215,140,53.3978,51.593,1.8048,J,K,inferred_not_workbook_labeled
527,215,140,53.5868,51.852,1.7348,J,K,inferred_not_workbook_labeled
526,215,140,54.0232,52.104,1.9192,J,K,inferred_not_workbook_labeled
525,215,140,54.2702,52.348,1.9222,J,K,inferred_not_workbook_labeled
524,215,140,54.4623,52.585,1.8773,J,K,inferred_not_workbook_labeled
523,215,140,54.6117,52.814,1.7977,J,K,inferred_not_workbook_labeled
522,215,140,54.8318,53.036,1.7958,J,K,inferred_not_workbook_labeled
521,215,140,55.1646,53.251,1.9136,J,K,inferred_not_workbook_labeled
520,215,140,55.3561,53.458,1.8981,J,K,inferred_not_workbook_labeled
519,215,140,55.455,53.658,1.797,J,K,inferred_not_workbook_labeled
518,215,140,55.5109,53.85,1.6609,J,K,inferred_not_workbook_labeled
517,215,140,56.0469,54.035,2.0119,J,K,inferred_not_workbook_labeled
516,215,140,56.0386,54.213,1.8256,J,K,inferred_not_workbook_labeled
515,215,140,55.8225,54.383,1.4395,J,K,inferred_not_workbook_labeled
514,215,140,56.3686,54.546,1.8226,J,K,inferred_not_workbook_labeled
513,215,140,56.7765,54.702,2.0745,J,K,inferred_not_workbook_labeled
512,215,140,56.6084,54.85,1.7584,J,K,inferred_not_workbook_labeled
511,215,140,56.6536,54.991,1.6626,J,K,inferred_not_workbook_labeled
510,215,140,56.7663,55.125,1.6413,J,K,inferred_not_workbook_labeled
509,215,140,57.203,55.251,1.952,J,K,inferred_not_workbook_labeled
508,215,140,57.2977,55.369,1.9287,J,K,inferred_not_workbook_labeled
507,215,140,57.2855,55.48,1.8055,J,K,inferred_not_workbook_labeled
506,215,140,57.5818,55.583,1.9988,J,K,inferred_not_workbook_labeled
505,215,140,57.5924,55.678,1.9144,J,K,inferred_not_workbook_labeled
504,215,140,57.4817,55.765,1.7167,J,K,inferred_not_workbook_labeled
503,215,140,57.7617,55.844,1.9177,J,K,inferred_not_workbook_labeled
502,215,140,57.7143,55.915,1.7993,J,K,inferred_not_workbook_labeled
501,215,140,57.7141,55.978,1.7361,J,K,inferred_not_workbook_labeled
500,215,140,57.9982,56.032,1.9662,J,K,inferred_not_workbook_labeled
499,215,140,57.825,56.077,1.748,J,K,inferred_not_workbook_labeled
498,215,140,57.7941,56.113,1.6811,J,K,inferred_not_workbook_labeled
497,215,140,58.0464,56.141,1.9054,J,K,inferred_not_workbook_labeled
496,215,140,57.9947,56.159,1.8357,J,K,inferred_not_workbook_labeled
495,215,140,57.7525,56.167,1.5855,J,K,inferred_not_workbook_labeled
494,215,140,57.7518,56.166,1.5858,J,K,inferred_not_workbook_labeled
493,215,140,57.9794,56.156,1.8234,J,K,inferred_not_workbook_labeled
492,215,140,57.972,56.135,1.837,J,K,inferred_not_workbook_labeled
491,215,140,57.8718,56.104,1.7678,J,K,inferred_not_workbook_labeled
490,215,140,57.8808,56.062,1.8188,J,K,inferred_not_workbook_labeled
489,215,140,57.8208,56.01,1.8108,J,K,inferred_not_workbook_labeled
488,215,140,57.9097,55.947,1.9627,J,K,inferred_not_workbook_labeled
487,215,140,57.9064,55.873,2.0334,J,K,inferred_not_workbook_labeled
486,215,140,57.7205,55.788,1.9325,J,K,inferred_not_workbook_labeled
485,215,140,57.4752,55.691,1.7842,J,K,inferred_not_workbook_labeled
484,215,140,57.5727,55.583,1.9897,J,K,inferred_not_workbook_labeled
483,215,140,57.4931,55.464,2.0291,J,K,inferred_not_workbook_labeled
482,215,140,57.1582,55.332,1.8262,J,K,inferred_not_workbook_labeled
481,215,140,56.9251,55.188,1.7371,J,K,inferred_not_workbook_labeled
480,215,140,56.838,55.033,1.805,J,K,inferred_not_workbook_labeled
479,215,140,56.6441,54.865,1.7791,J,K,inferred_not_workbook_labeled
478,215,140,56.4727,54.684,1.7887,J,K,inferred_not_workbook_labeled
477,215,140,56.2536,54.49,1.7636,J,K,inferred_not_workbook_labeled
476,215,140,56.0333,54.284,1.7493,J,K,inferred_not_workbook_labeled
475,215,140,55.9282,54.065,1.8632,J,K,inferred_not_workbook_labeled
474,215,140,55.4696,53.831,1.6386,J,K,inferred_not_workbook_labeled
473,215,140,55.0511,53.585,1.4661,J,K,inferred_not_workbook_labeled
472,215,140,54.8877,53.324,1.5637,J,K,inferred_not_workbook_labeled
471,215,140,54.6049,53.049,1.5559,J,K,inferred_not_workbook_labeled
470,215,140,54.2697,52.759,1.5107,J,K,inferred_not_workbook_labeled
469,215,140,53.9774,52.455,1.5224,J,K,inferred_not_workbook_labeled
468,215,140,53.8412,52.134,1.7072,J,K,inferred_not_workbook_labeled
467,215,140,53.5036,51.798,1.7056,J,K,inferred_not_workbook_labeled
466,215,140,52.9697,51.446,1.5237,J,K,inferred_not_workbook_labeled
465,215,140,52.4831,51.076,1.4071,J,K,inferred_not_workbook_labeled
464,215,140,52.363,50.69,1.673,J,K,inferred_not_workbook_labeled
463,215,140,51.9005,50.285,1.6155,J,K,inferred_not_workbook_labeled
462,215,140,51.0964,49.862,1.2344,J,K,inferred_not_workbook_labeled
461,215,140,50.4702,49.42,1.0502,J,K,inferred_not_workbook_labeled
460,215,140,49.9873,48.958,1.0293,J,K,inferred_not_workbook_labeled
459,215,140,49.499,48.477,1.022,J,K,inferred_not_workbook_labeled
458,215,140,48.9931,47.974,1.0191,J,K,inferred_not_workbook_labeled
457,215,140,48.7263,47.45,1.2763,J,K,inferred_not_workbook_labeled
456,215,140,47.866,46.905,0.961,J,K,inferred_not_workbook_labeled
455,215,140,46.9561,46.337,0.6191,J,K,inferred_not_workbook_labeled
454,215,140,46.6117,45.746,0.8657,J,K,inferred_not_workbook_labeled
453,215,140,45.8243,45.132,0.6923,J,K,inferred_not_workbook_labeled
452,215,140,44.8268,44.493,0.3338,J,K,inferred_not_workbook_labeled
451,215,140,43.9609,43.831,0.1299,J,K,inferred_not_workbook_labeled
450,215,140,43.5218,43.144,0.3778,J,K,inferred_not_workbook_labeled
449,215,140,42.8541,42.432,0.4221,J,K,inferred_not_workbook_labeled
448,215,140,42.0173,41.694,0.3233,J,K,inferred_not_workbook_labeled
447,215,140,40.9764,40.931,0.0454,J,K,inferred_not_workbook_labeled
446,215,140,40.167,40.142,0.025,J,K,inferred_not_workbook_labeled
445,215,140,39.3137,39.327,-0.0133,J,K,inferred_not_workbook_labeled
444,215,140,38.3679,38.486,-0.1181,J,K,inferred_not_workbook_labeled
443,215,140,37.5208,37.619,-0.0982,J,K,inferred_not_workbook_labeled
442,215,140,36.329,36.726,-0.397,J,K,inferred_not_workbook_labeled
441,215,140,35.334,35.807,-0.473,J,K,inferred_not_workbook_labeled
440,215,140,34.0877,34.862,-0.7743,J,K,inferred_not_workbook_labeled
439,215,140,32.8934,33.892,-0.9986,J,K,inferred_not_workbook_labeled
438,215,140,31.763,32.896,-1.133,J,K,inferred_not_workbook_labeled
437,215,140,30.6199,31.876,-1.2561,J,K,inferred_not_workbook_labeled
436,215,140,29.5086,30.832,-1.3234,J,K,inferred_not_workbook_labeled
435,215,140,28.1982,29.765,-1.5668,J,K,inferred_not_workbook_labeled
434,215,140,26.9092,28.676,-1.7668,J,K,inferred_not_workbook_labeled
433,215,140,25.7318,27.566,-1.8342,J,K,inferred_not_workbook_labeled
432,215,140,24.3221,26.438,-2.1159,J,K,inferred_not_workbook_labeled
431,215,140,23.0508,25.293,-2.2422,J,K,inferred_not_workbook_labeled
430,215,140,21.7426,24.133,-2.3904,J,K,inferred_not_workbook_labeled
429,215,140,20.2978,22.96,-2.6622,J,K,inferred_not_workbook_labeled
428,215,140,19.0355,21.779,-2.7435,J,K,inferred_not_workbook_labeled
427,215,140,17.7849,20.592,-2.8071,J,K,inferred_not_workbook_labeled
426,215,140,16.4661,19.404,-2.9379,J,K,inferred_not_workbook_labeled
425,215,140,15.0786,18.218,-3.1394,J,K,inferred_not_workbook_labeled
424,215,140,13.7461,17.04,-3.2939,J,K,inferred_not_workbook_labeled
423,215,140,12.5536,15.875,-3.3214,J,K,inferred_not_workbook_labeled
422,215,140,11.372,14.728,-3.356,J,K,inferred_not_workbook_labeled
421,215,140,10.107,13.607,-3.5,J,K,inferred_not_workbook_labeled
420,215,140,8.8427,12.517,-3.6743,J,K,inferred_not_workbook_labeled
419,215,140,7.8775,11.466,-3.5885,J,K,inferred_not_workbook_labeled
418,215,140,6.97991,10.461,-3.48109,J,K,inferred_not_workbook_labeled
417,215,140,6.06071,9.51,-3.44929,J,K,inferred_not_workbook_labeled
416,215,140,5.22999,8.62,-3.39001,J,K,inferred_not_workbook_labeled
415,215,140,4.48246,7.798,-3.31554,J,K,inferred_not_workbook_labeled
414,215,140,3.82084,7.054,-3.23316,J,K,inferred_not_workbook_labeled
413,215,140,3.32288,6.393,-3.07012,J,K,inferred_not_workbook_labeled
412,215,140,2.9363,5.824,-2.8877,J,K,inferred_not_workbook_labeled
411,215,140,2.80807,5.352,-2.54393,J,K,inferred_not_workbook_labeled
410,215,140,2.7038,4.984,-2.2802,J,K,inferred_not_workbook_labeled
409,215,140,2.81657,4.725,-1.90843,J,K,inferred_not_workbook_labeled
408,215,140,3.04378,4.58,-1.53622,J,K,inferred_not_workbook_labeled
407,215,140,3.49849,4.552,-1.05351,J,K,inferred_not_workbook_labeled
406,215,140,4.02661,4.643,-0.61639,J,K,inferred_not_workbook_labeled
405,215,140,4.64776,4.856,-0.20824,J,K,inferred_not_workbook_labeled
404,215,140,5.46302,5.19,0.27302,J,K,inferred_not_workbook_labeled
403,215,140,6.46994,5.645,0.82494,J,K,inferred_not_workbook_labeled
402,215,140,7.41607,6.218,1.19807,J,K,inferred_not_workbook_labeled
401,215,140,8.70284,6.906,1.79684,J,K,inferred_not_workbook_labeled
400,215,140,10.1292,7.704,2.4252,J,K,inferred_not_workbook_labeled
399,215,140,11.5839,8.608,2.9759,J,K,inferred_not_workbook_labeled
398,215,140,13.0874,9.611,3.4764,J,K,inferred_not_workbook_labeled
397,215,140,14.5261,10.706,3.8201,J,K,inferred_not_workbook_labeled
396,215,140,16.1724,11.884,4.2884,J,K,inferred_not_workbook_labeled
395,215,140,17.8339,13.137,4.6969,J,K,inferred_not_workbook_labeled
394,215,140,19.7322,14.457,5.2752,J,K,inferred_not_workbook_labeled
393,215,140,21.6205,15.834,5.7865,J,K,inferred_not_workbook_labeled
392,215,140,23.3062,17.26,6.0462,J,K,inferred_not_workbook_labeled
391,215,140,25.0492,18.724,6.3252,J,K,inferred_not_workbook_labeled
390,215,140,26.6809,20.219,6.4619,J,K,inferred_not_workbook_labeled
389,215,140,28.2086,21.736,6.4726,J,K,inferred_not_workbook_labeled
388,215,140,30.3087,23.267,7.0417,J,K,inferred_not_workbook_labeled
387,215,140,31.9678,24.803,7.1648,J,K,inferred_not_workbook_labeled
386,215,140,33.7019,26.339,7.3629,J,K,inferred_not_workbook_labeled
385,215,140,35.4367,27.867,7.5697,J,K,inferred_not_workbook_labeled
384,215,140,36.7405,29.382,7.3585,J,K,inferred_not_workbook_labeled
383,215,140,38.222,30.879,7.343,J,K,inferred_not_workbook_labeled
382,215,140,39.6746,32.352,7.3226,J,K,inferred_not_workbook_labeled
381,215,140,40.7309,33.797,6.9339,J,K,inferred_not_workbook_labeled
380,215,140,42.1096,35.211,6.8986,J,K,inferred_not_workbook_labeled
379,215,140,43.2719,36.589,6.6829,J,K,inferred_not_workbook_labeled
378,215,140,44.2381,37.928,6.3101,J,K,inferred_not_workbook_labeled
377,215,140,45.3389,39.226,6.1129,J,K,inferred_not_workbook_labeled
376,215,140,46.1278,40.479,5.6488,J,K,inferred_not_workbook_labeled
375,215,140,47.2709,41.684,5.5869,J,K,inferred_not_workbook_labeled
374,215,140,47.8311,42.84,4.9911,J,K,inferred_not_workbook_labeled
373,215,140,48.8532,43.943,4.9102,J,K,inferred_not_workbook_labeled
372,215,140,49.4345,44.993,4.4415,J,K,inferred_not_workbook_labeled
371,215,140,49.8074,45.986,3.8214,J,K,inferred_not_workbook_labeled
370,215,140,49.6527,46.922,2.7307,J,K,inferred_not_workbook_labeled
369,215,140,50.419,47.801,2.618,J,K,inferred_not_workbook_labeled
368,215,140,50.963,48.62,2.343,J,K,inferred_not_workbook_labeled
367,215,140,50.9316,49.381,1.5506,J,K,inferred_not_workbook_labeled
366,215,140,49.8452,50.083,-0.2378,J,K,inferred_not_workbook_labeled
365,215,140,50.6951,50.728,-0.0329,J,K,inferred_not_workbook_labeled
364,215,140,50.6567,51.316,-0.6593,J,K,inferred_not_workbook_labeled
363,215,140,50.5301,51.849,-1.3189,J,K,inferred_not_workbook_labeled
362,215,140,49.7493,52.329,-2.5797,J,K,inferred_not_workbook_labeled
361,215,140,48.7367,52.756,-4.0193,J,K,inferred_not_workbook_labeled
360,215,140,48.7006,53.132,-4.4314,J,K,inferred_not_workbook_labeled
359,215,140,47.7868,53.457,-5.6702,J,K,inferred_not_workbook_labeled
358,215,140,46.8311,53.733,-6.9019,J,K,inferred_not_workbook_labeled
357,215,140,45.2379,53.957,-8.7191,J,K,inferred_not_workbook_labeled
356,215,140,44.4616,54.13,-9.6684,J,K,inferred_not_workbook_labeled
355,215,140,42.9867,54.25,-11.2633,J,K,inferred_not_workbook_labeled
354,215,140,41.7848,54.313,-12.5282,J,K,inferred_not_workbook_labeled
353,215,140,40.8827,54.316,-13.4333,J,K,inferred_not_workbook_labeled
352,215,140,39.541,54.255,-14.714,J,K,inferred_not_workbook_labeled
351,215,140,37.3576,54.126,-16.7684,J,K,inferred_not_workbook_labeled
350,215,140,35.744,53.924,-18.18,J,K,inferred_not_workbook_labeled
780,233,70,37.6903,35.258,2.4323,L,M,inferred_not_workbook_labeled
779,233,70,37.7718,34.955,2.8168,L,M,inferred_not_workbook_labeled
778,233,70,36.8977,34.649,2.2487,L,M,inferred_not_workbook_labeled
777,233,70,36.8228,34.342,2.4808,L,M,inferred_not_workbook_labeled
776,233,70,36.3898,34.033,2.3568,L,M,inferred_not_workbook_labeled
775,233,70,36.3504,33.721,2.6294,L,M,inferred_not_workbook_labeled
774,233,70,35.7302,33.408,2.3222,L,M,inferred_not_workbook_labeled
773,233,70,35.3986,33.092,2.3066,L,M,inferred_not_workbook_labeled
772,233,70,35.0812,32.775,2.3062,L,M,inferred_not_workbook_labeled
771,233,70,35.0605,32.456,2.6045,L,M,inferred_not_workbook_labeled
770,233,70,34.7734,32.135,2.6384,L,M,inferred_not_workbook_labeled
769,233,70,34.388,31.812,2.576,L,M,inferred_not_workbook_labeled
768,233,70,34.1312,31.487,2.6442,L,M,inferred_not_workbook_labeled
767,233,70,33.4475,31.161,2.2865,L,M,inferred_not_workbook_labeled
766,233,70,33.1299,30.833,2.2969,L,M,inferred_not_workbook_labeled
765,233,70,33.0393,30.503,2.5363,L,M,inferred_not_workbook_labeled
764,233,70,32.3224,30.172,2.1504,L,M,inferred_not_workbook_labeled
763,233,70,32.148,29.839,2.309,L,M,inferred_not_workbook_labeled
762,233,70,32.1599,29.504,2.6559,L,M,inferred_not_workbook_labeled
761,233,70,31.7938,29.169,2.6248,L,M,inferred_not_workbook_labeled
760,233,70,31.4297,28.832,2.5977,L,M,inferred_not_workbook_labeled
759,233,70,31.1114,28.493,2.6184,L,M,inferred_not_workbook_labeled
758,233,70,30.658,28.154,2.504,L,M,inferred_not_workbook_labeled
757,233,70,30.3577,27.813,2.5447,L,M,inferred_not_workbook_labeled
756,233,70,29.9615,27.471,2.4905,L,M,inferred_not_workbook_labeled
755,233,70,29.4116,27.128,2.2836,L,M,inferred_not_workbook_labeled
754,233,70,29.0975,26.784,2.3135,L,M,inferred_not_workbook_labeled
753,233,70,28.9824,26.439,2.5434,L,M,inferred_not_workbook_labeled
752,233,70,28.7066,26.094,2.6126,L,M,inferred_not_workbook_labeled
751,233,70,28.4782,25.748,2.7302,L,M,inferred_not_workbook_labeled
750,233,70,27.7171,25.401,2.3161,L,M,inferred_not_workbook_labeled
749,233,70,27.8304,25.053,2.7774,L,M,inferred_not_workbook_labeled
748,233,70,27.295,24.705,2.59,L,M,inferred_not_workbook_labeled
747,233,70,26.9293,24.357,2.5723,L,M,inferred_not_workbook_labeled
746,233,70,26.5414,24.009,2.5324,L,M,inferred_not_workbook_labeled
745,233,70,26.4564,23.66,2.7964,L,M,inferred_not_workbook_labeled
744,233,70,25.9316,23.311,2.6206,L,M,inferred_not_workbook_labeled
743,233,70,25.448,22.963,2.485,L,M,inferred_not_workbook_labeled
742,233,70,24.9408,22.614,2.3268,L,M,inferred_not_workbook_labeled
741,233,70,24.5664,22.266,2.3004,L,M,inferred_not_workbook_labeled
740,233,70,24.5609,21.918,2.6429,L,M,inferred_not_workbook_labeled
739,233,70,24.0371,21.571,2.4661,L,M,inferred_not_workbook_labeled
738,233,70,23.5513,21.224,2.3273,L,M,inferred_not_workbook_labeled
737,233,70,23.0928,20.879,2.2138,L,M,inferred_not_workbook_labeled
736,233,70,22.7548,20.534,2.2208,L,M,inferred_not_workbook_labeled
735,233,70,22.5058,20.19,2.3158,L,M,inferred_not_workbook_labeled
734,233,70,22.2692,19.847,2.4222,L,M,inferred_not_workbook_labeled
733,233,70,21.9199,19.506,2.4139,L,M,inferred_not_workbook_labeled
732,233,70,21.3676,19.166,2.2016,L,M,inferred_not_workbook_labeled
731,233,70,21.0092,18.828,2.1812,L,M,inferred_not_workbook_labeled
730,233,70,20.7346,18.492,2.2426,L,M,inferred_not_workbook_labeled
729,233,70,20.4683,18.158,2.3103,L,M,inferred_not_workbook_labeled
728,233,70,20.1258,17.826,2.2998,L,M,inferred_not_workbook_labeled
727,233,70,19.7699,17.496,2.2739,L,M,inferred_not_workbook_labeled
726,233,70,19.1958,17.169,2.0268,L,M,inferred_not_workbook_labeled
725,233,70,18.8927,16.845,2.0477,L,M,inferred_not_workbook_labeled
724,233,70,18.5577,16.524,2.0337,L,M,inferred_not_workbook_labeled
723,233,70,18.1932,16.205,1.9882,L,M,inferred_not_workbook_labeled
722,233,70,17.8705,15.89,1.9805,L,M,inferred_not_workbook_labeled
721,233,70,17.653,15.579,2.074,L,M,inferred_not_workbook_labeled
720,233,70,17.2563,15.271,1.9853,L,M,inferred_not_workbook_labeled
719,233,70,16.9923,14.967,2.0253,L,M,inferred_not_workbook_labeled
718,233,70,16.756,14.667,2.089,L,M,inferred_not_workbook_labeled
717,233,70,16.4665,14.372,2.0945,L,M,inferred_not_workbook_labeled
716,233,70,16.058,14.081,1.977,L,M,inferred_not_workbook_labeled
715,233,70,15.7746,13.795,1.9796,L,M,inferred_not_workbook_labeled
714,233,70,15.3209,13.514,1.8069,L,M,inferred_not_workbook_labeled
713,233,70,14.9974,13.238,1.7594,L,M,inferred_not_workbook_labeled
712,233,70,14.7216,12.968,1.7536,L,M,inferred_not_workbook_labeled
711,233,70,14.4256,12.703,1.7226,L,M,inferred_not_workbook_labeled
710,233,70,14.0728,12.445,1.6278,L,M,inferred_not_workbook_labeled
709,233,70,13.7598,12.192,1.5678,L,M,inferred_not_workbook_labeled
708,233,70,13.5934,11.946,1.6474,L,M,inferred_not_workbook_labeled
707,233,70,13.242,11.706,1.536,L,M,inferred_not_workbook_labeled
706,233,70,12.9842,11.473,1.5112,L,M,inferred_not_workbook_labeled
705,233,70,12.9651,11.248,1.7171,L,M,inferred_not_workbook_labeled
704,233,70,12.7469,11.029,1.7179,L,M,inferred_not_workbook_labeled
703,233,70,12.3039,10.818,1.4859,L,M,inferred_not_workbook_labeled
702,233,70,12.1207,10.615,1.5057,L,M,inferred_not_workbook_labeled
701,233,70,11.9471,10.42,1.5271,L,M,inferred_not_workbook_labeled
700,233,70,11.9205,10.233,1.6875,L,M,inferred_not_workbook_labeled
699,233,70,11.6012,10.055,1.5462,L,M,inferred_not_workbook_labeled
698,233,70,11.5551,9.885,1.6701,L,M,inferred_not_workbook_labeled
697,233,70,11.1739,9.724,1.4499,L,M,inferred_not_workbook_labeled
696,233,70,10.8359,9.572,1.2639,L,M,inferred_not_workbook_labeled
695,233,70,10.6209,9.43,1.1909,L,M,inferred_not_workbook_labeled
694,233,70,10.5785,9.297,1.2815,L,M,inferred_not_workbook_labeled
693,233,70,10.5158,9.173,1.3428,L,M,inferred_not_workbook_labeled
692,233,70,10.3676,9.06,1.3076,L,M,inferred_not_workbook_labeled
691,233,70,10.2033,8.957,1.2463,L,M,inferred_not_workbook_labeled
690,233,70,10.0573,8.863,1.1943,L,M,inferred_not_workbook_labeled
689,233,70,9.99706,8.781,1.21606,L,M,inferred_not_workbook_labeled
688,233,70,9.92646,8.708,1.21846,L,M,inferred_not_workbook_labeled
687,233,70,9.80021,8.647,1.15321,L,M,inferred_not_workbook_labeled
686,233,70,9.80106,8.596,1.20506,L,M,inferred_not_workbook_labeled
685,233,70,9.7963,8.557,1.2393,L,M,inferred_not_workbook_labeled
684,233,70,9.65246,8.528,1.12446,L,M,inferred_not_workbook_labeled
683,233,70,9.6135,8.511,1.1025,L,M,inferred_not_workbook_labeled
682,233,70,9.67513,8.505,1.17013,L,M,inferred_not_workbook_labeled
681,233,70,9.55997,8.511,1.04897,L,M,inferred_not_workbook_labeled
680,233,70,9.54308,8.528,1.01508,L,M,inferred_not_workbook_labeled
679,233,70,9.58188,8.557,1.02488,L,M,inferred_not_workbook_labeled
678,233,70,9.54872,8.597,0.95172,L,M,inferred_not_workbook_labeled
677,233,70,9.65569,8.65,1.00569,L,M,inferred_not_workbook_labeled
676,233,70,9.73346,8.714,1.01946,L,M,inferred_not_workbook_labeled
675,233,70,9.68077,8.79,0.89077,L,M,inferred_not_workbook_labeled
674,233,70,9.78066,8.878,0.90266,L,M,inferred_not_workbook_labeled
673,233,70,9.9176,8.978,0.9396,L,M,inferred_not_workbook_labeled
672,233,70,9.99963,9.09,0.90963,L,M,inferred_not_workbook_labeled
671,233,70,10.0259,9.213,0.8129,L,M,inferred_not_workbook_labeled
670,233,70,10.0909,9.349,0.7419,L,M,inferred_not_workbook_labeled
669,233,70,10.2758,9.496,0.7798,L,M,inferred_not_workbook_labeled
668,233,70,10.4263,9.656,0.7703,L,M,inferred_not_workbook_labeled
667,233,70,10.5614,9.827,0.7344,L,M,inferred_not_workbook_labeled
666,233,70,10.7525,10.009,0.7435,L,M,inferred_not_workbook_labeled
665,233,70,10.9216,10.204,0.7176,L,M,inferred_not_workbook_labeled
664,233,70,11.0837,10.409,0.6747,L,M,inferred_not_workbook_labeled
663,233,70,11.39,10.627,0.763,L,M,inferred_not_workbook_labeled
662,233,70,11.5897,10.855,0.7347,L,M,inferred_not_workbook_labeled
661,233,70,11.7394,11.095,0.6444,L,M,inferred_not_workbook_labeled
660,233,70,11.9259,11.345,0.5809,L,M,inferred_not_workbook_labeled
659,233,70,12.2701,11.607,0.6631,L,M,inferred_not_workbook_labeled
658,233,70,12.4776,11.88,0.5976,L,M,inferred_not_workbook_labeled
657,233,70,12.7806,12.162,0.6186,L,M,inferred_not_workbook_labeled
656,233,70,13.0395,12.456,0.5835,L,M,inferred_not_workbook_labeled
655,233,70,13.2949,12.759,0.5359,L,M,inferred_not_workbook_labeled
654,233,70,13.624,13.073,0.551,L,M,inferred_not_workbook_labeled
653,233,70,13.8887,13.396,0.4927,L,M,inferred_not_workbook_labeled
652,233,70,14.2454,13.729,0.5164,L,M,inferred_not_workbook_labeled
651,233,70,14.6602,14.072,0.5882,L,M,inferred_not_workbook_labeled
650,233,70,14.8753,14.423,0.4523,L,M,inferred_not_workbook_labeled
649,233,70,15.2107,14.784,0.4267,L,M,inferred_not_workbook_labeled
648,233,70,15.6403,15.153,0.4873,L,M,inferred_not_workbook_labeled
647,233,70,16.0287,15.53,0.4987,L,M,inferred_not_workbook_labeled
646,233,70,16.365,15.916,0.449,L,M,inferred_not_workbook_labeled
645,233,70,16.6224,16.31,0.3124,L,M,inferred_not_workbook_labeled
644,233,70,17.0794,16.711,0.3684,L,M,inferred_not_workbook_labeled
643,233,70,17.4333,17.119,0.3143,L,M,inferred_not_workbook_labeled
642,233,70,17.9399,17.535,0.4049,L,M,inferred_not_workbook_labeled
641,233,70,18.2446,17.957,0.2876,L,M,inferred_not_workbook_labeled
640,233,70,18.6267,18.386,0.2407,L,M,inferred_not_workbook_labeled
639,233,70,19.0445,18.821,0.2235,L,M,inferred_not_workbook_labeled
638,233,70,19.4596,19.262,0.1976,L,M,inferred_not_workbook_labeled
637,233,70,19.9549,19.708,0.2469,L,M,inferred_not_workbook_labeled
636,233,70,20.2917,20.16,0.1317,L,M,inferred_not_workbook_labeled
635,233,70,20.7278,20.617,0.1108,L,M,inferred_not_workbook_labeled
634,233,70,21.1859,21.078,0.1079,L,M,inferred_not_workbook_labeled
633,233,70,21.6303,21.544,0.0863,L,M,inferred_not_workbook_labeled
632,233,70,22.1492,22.014,0.1352,L,M,inferred_not_workbook_labeled
631,233,70,22.5751,22.487,0.0881,L,M,inferred_not_workbook_labeled
630,233,70,23.0167,22.964,0.0527,L,M,inferred_not_workbook_labeled
629,233,70,23.477,23.444,0.033,L,M,inferred_not_workbook_labeled
628,233,70,24.0053,23.927,0.0783,L,M,inferred_not_workbook_labeled
627,233,70,24.4041,24.413,-0.0089,L,M,inferred_not_workbook_labeled
626,233,70,24.8682,24.901,-0.0328,L,M,inferred_not_workbook_labeled
625,233,70,25.4187,25.391,0.0277,L,M,inferred_not_workbook_labeled
624,233,70,25.7179,25.882,-0.1641,L,M,inferred_not_workbook_labeled
623,233,70,26.3784,26.375,0.0034,L,M,inferred_not_workbook_labeled
622,233,70,27.0829,26.869,0.2139,L,M,inferred_not_workbook_labeled
621,233,70,27.4234,27.364,0.0594,L,M,inferred_not_workbook_labeled
620,233,70,27.7578,27.859,-0.1012,L,M,inferred_not_workbook_labeled
619,233,70,28.2803,28.355,-0.0747,L,M,inferred_not_workbook_labeled
618,233,70,28.8947,28.851,0.0437,L,M,inferred_not_workbook_labeled
617,233,70,29.3292,29.346,-0.0168,L,M,inferred_not_workbook_labeled
616,233,70,29.7377,29.841,-0.1033,L,M,inferred_not_workbook_labeled
615,233,70,30.3987,30.335,0.0637,L,M,inferred_not_workbook_labeled
614,233,70,30.6588,30.829,-0.1702,L,M,inferred_not_workbook_labeled
613,233,70,31.1805,31.321,-0.1405,L,M,inferred_not_workbook_labeled
612,233,70,31.6896,31.812,-0.1224,L,M,inferred_not_workbook_labeled
611,233,70,32.2143,32.301,-0.0867,L,M,inferred_not_workbook_labeled
610,233,70,32.5419,32.789,-0.2471,L,M,inferred_not_workbook_labeled
609,233,70,32.9482,33.274,-0.3258,L,M,inferred_not_workbook_labeled
608,233,70,33.3882,33.758,-0.3698,L,M,inferred_not_workbook_labeled
607,233,70,34.0264,34.239,-0.2126,L,M,inferred_not_workbook_labeled
606,233,70,34.5174,34.717,-0.1996,L,M,inferred_not_workbook_labeled
605,233,70,35.1414,35.193,-0.0516,L,M,inferred_not_workbook_labeled
604,233,70,35.5537,35.666,-0.1123,L,M,inferred_not_workbook_labeled
603,233,70,35.6752,36.136,-0.4608,L,M,inferred_not_workbook_labeled
602,233,70,36.2832,36.603,-0.3198,L,M,inferred_not_workbook_labeled
601,233,70,36.9322,37.067,-0.1348,L,M,inferred_not_workbook_labeled
600,233,70,37.2528,37.527,-0.2742,L,M,inferred_not_workbook_labeled
599,233,70,37.6139,37.984,-0.3701,L,M,inferred_not_workbook_labeled
598,233,70,38.2661,38.437,-0.1709,L,M,inferred_not_workbook_labeled
597,233,70,38.709,38.886,-0.177,L,M,inferred_not_workbook_labeled
596,233,70,38.8794,39.332,-0.4526,L,M,inferred_not_workbook_labeled
595,233,70,39.5229,39.773,-0.2501,L,M,inferred_not_workbook_labeled
594,233,70,40.0059,40.211,-0.2051,L,M,inferred_not_workbook_labeled
593,233,70,40.303,40.644,-0.341,L,M,inferred_not_workbook_labeled
592,233,70,40.7133,41.073,-0.3597,L,M,inferred_not_workbook_labeled
591,233,70,41.2519,41.498,-0.2461,L,M,inferred_not_workbook_labeled
590,233,70,41.6713,41.918,-0.2467,L,M,inferred_not_workbook_labeled
589,233,70,41.9097,42.334,-0.4243,L,M,inferred_not_workbook_labeled
588,233,70,42.2737,42.745,-0.4713,L,M,inferred_not_workbook_labeled
587,233,70,42.596,43.151,-0.555,L,M,inferred_not_workbook_labeled
586,233,70,43.095,43.553,-0.458,L,M,inferred_not_workbook_labeled
585,233,70,43.5982,43.95,-0.3518,L,M,inferred_not_workbook_labeled
584,233,70,44.0494,44.342,-0.2926,L,M,inferred_not_workbook_labeled
583,233,70,44.399,44.729,-0.33,L,M,inferred_not_workbook_labeled
582,233,70,44.8613,45.111,-0.2497,L,M,inferred_not_workbook_labeled
581,233,70,45.1882,45.488,-0.2998,L,M,inferred_not_workbook_labeled
580,233,70,45.4784,45.86,-0.3816,L,M,inferred_not_workbook_labeled
579,233,70,45.9222,46.227,-0.3048,L,M,inferred_not_workbook_labeled
578,233,70,46.2576,46.588,-0.3304,L,M,inferred_not_workbook_labeled
577,233,70,46.4891,46.944,-0.4549,L,M,inferred_not_workbook_labeled
576,233,70,46.8462,47.294,-0.4478,L,M,inferred_not_workbook_labeled
575,233,70,47.2456,47.639,-0.3934,L,M,inferred_not_workbook_labeled
574,233,70,47.2652,47.978,-0.7128,L,M,inferred_not_workbook_labeled
573,233,70,47.616,48.312,-0.696,L,M,inferred_not_workbook_labeled
572,233,70,47.7989,48.64,-0.8411,L,M,inferred_not_workbook_labeled
571,233,70,48.1737,48.962,-0.7883,L,M,inferred_not_workbook_labeled
570,233,70,48.7181,49.278,-0.5599,L,M,inferred_not_workbook_labeled
569,233,70,49.0239,49.589,-0.5651,L,M,inferred_not_workbook_labeled
568,233,70,49.4918,49.894,-0.4022,L,M,inferred_not_workbook_labeled
567,233,70,49.6323,50.192,-0.5597,L,M,inferred_not_workbook_labeled
566,233,70,49.9643,50.485,-0.5207,L,M,inferred_not_workbook_labeled
565,233,70,50.211,50.772,-0.561,L,M,inferred_not_workbook_labeled
564,233,70,50.5331,51.053,-0.5199,L,M,inferred_not_workbook_labeled
563,233,70,50.6743,51.328,-0.6537,L,M,inferred_not_workbook_labeled
562,233,70,50.8326,51.596,-0.7634,L,M,inferred_not_workbook_labeled
561,233,70,51.2796,51.859,-0.5794,L,M,inferred_not_workbook_labeled
560,233,70,51.736,52.115,-0.379,L,M,inferred_not_workbook_labeled
559,233,70,51.7766,52.366,-0.5894,L,M,inferred_not_workbook_labeled
558,233,70,51.818,52.61,-0.792,L,M,inferred_not_workbook_labeled
557,233,70,52.1649,52.848,-0.6831,L,M,inferred_not_workbook_labeled
556,233,70,52.2584,53.08,-0.8216,L,M,inferred_not_workbook_labeled
555,233,70,52.4201,53.306,-0.8859,L,M,inferred_not_workbook_labeled
554,233,70,52.7573,53.525,-0.7677,L,M,inferred_not_workbook_labeled
553,233,70,53.1534,53.739,-0.5856,L,M,inferred_not_workbook_labeled
552,233,70,53.3727,53.946,-0.5733,L,M,inferred_not_workbook_labeled
551,233,70,53.2962,54.148,-0.8518,L,M,inferred_not_workbook_labeled
550,233,70,53.3776,54.343,-0.9654,L,M,inferred_not_workbook_labeled
549,233,70,53.6981,54.532,-0.8339,L,M,inferred_not_workbook_labeled
548,233,70,53.901,54.715,-0.814,L,M,inferred_not_workbook_labeled
547,233,70,53.9899,54.892,-0.9021,L,M,inferred_not_workbook_labeled
546,233,70,54.2983,55.063,-0.7647,L,M,inferred_not_workbook_labeled
545,233,70,54.5118,55.228,-0.7162,L,M,inferred_not_workbook_labeled
544,233,70,54.5925,55.386,-0.7935,L,M,inferred_not_workbook_labeled
543,233,70,54.6065,55.539,-0.9325,L,M,inferred_not_workbook_labeled
542,233,70,54.8559,55.685,-0.8291,L,M,inferred_not_workbook_labeled
541,233,70,54.9156,55.824,-0.9084,L,M,inferred_not_workbook_labeled
540,233,70,55.2274,55.958,-0.7306,L,M,inferred_not_workbook_labeled
539,233,70,55.4472,56.084,-0.6368,L,M,inferred_not_workbook_labeled
538,233,70,55.5638,56.205,-0.6412,L,M,inferred_not_workbook_labeled
537,233,70,55.579,56.318,-0.739,L,M,inferred_not_workbook_labeled
536,233,70,55.4376,56.425,-0.9874,L,M,inferred_not_workbook_labeled
535,233,70,55.8428,56.525,-0.6822,L,M,inferred_not_workbook_labeled
534,233,70,55.8814,56.619,-0.7376,L,M,inferred_not_workbook_labeled
533,233,70,55.8754,56.705,-0.8296,L,M,inferred_not_workbook_labeled
532,233,70,55.8673,56.784,-0.9167,L,M,inferred_not_workbook_labeled
531,233,70,56.2218,56.855,-0.6332,L,M,inferred_not_workbook_labeled
530,233,70,56.2855,56.919,-0.6335,L,M,inferred_not_workbook_labeled
529,233,70,56.3293,56.976,-0.6467,L,M,inferred_not_workbook_labeled
528,233,70,56.3707,57.025,-0.6543,L,M,inferred_not_workbook_labeled
527,233,70,56.4414,57.065,-0.6236,L,M,inferred_not_workbook_labeled
526,233,70,56.1686,57.098,-0.9294,L,M,inferred_not_workbook_labeled
525,233,70,56.3567,57.123,-0.7663,L,M,inferred_not_workbook_labeled
524,233,70,56.3484,57.139,-0.7906,L,M,inferred_not_workbook_labeled
523,233,70,56.1857,57.147,-0.9613,L,M,inferred_not_workbook_labeled
522,233,70,56.3551,57.147,-0.7919,L,M,inferred_not_workbook_labeled
521,233,70,56.0609,57.138,-1.0771,L,M,inferred_not_workbook_labeled
520,233,70,56.2659,57.12,-0.8541,L,M,inferred_not_workbook_labeled
519,233,70,55.957,57.093,-1.136,L,M,inferred_not_workbook_labeled
518,233,70,56.2032,57.058,-0.8548,L,M,inferred_not_workbook_labeled
517,233,70,56.178,57.013,-0.835,L,M,inferred_not_workbook_labeled
516,233,70,55.9153,56.96,-1.0447,L,M,inferred_not_workbook_labeled
515,233,70,56.0049,56.897,-0.8921,L,M,inferred_not_workbook_labeled
514,233,70,55.8808,56.826,-0.9452,L,M,inferred_not_workbook_labeled
513,233,70,56.0119,56.745,-0.7331,L,M,inferred_not_workbook_labeled
512,233,70,55.8795,56.655,-0.7755,L,M,inferred_not_workbook_labeled
511,233,70,55.4703,56.556,-1.0857,L,M,inferred_not_workbook_labeled
510,233,70,55.3175,56.448,-1.1305,L,M,inferred_not_workbook_labeled
509,233,70,55.2866,56.33,-1.0434,L,M,inferred_not_workbook_labeled
508,233,70,55.0817,56.204,-1.1223,L,M,inferred_not_workbook_labeled
507,233,70,54.9146,56.067,-1.1524,L,M,inferred_not_workbook_labeled
506,233,70,55.1528,55.922,-0.7692,L,M,inferred_not_workbook_labeled
505,233,70,55.037,55.766,-0.729,L,M,inferred_not_workbook_labeled
504,233,70,54.5781,55.601,-1.0229,L,M,inferred_not_workbook_labeled
503,233,70,54.29,55.427,-1.137,L,M,inferred_not_workbook_labeled
502,233,70,54.484,55.242,-0.758,L,M,inferred_not_workbook_labeled
501,233,70,54.3489,55.047,-0.6981,L,M,inferred_not_workbook_labeled
500,233,70,54.1974,54.842,-0.6446,L,M,inferred_not_workbook_labeled
499,233,70,54.0782,54.626,-0.5478,L,M,inferred_not_workbook_labeled
498,233,70,53.8165,54.399,-0.5825,L,M,inferred_not_workbook_labeled
497,233,70,53.3325,54.161,-0.8285,L,M,inferred_not_workbook_labeled
496,233,70,52.6969,53.911,-1.2141,L,M,inferred_not_workbook_labeled
495,233,70,52.7824,53.648,-0.8656,L,M,inferred_not_workbook_labeled
494,233,70,52.6399,53.374,-0.7341,L,M,inferred_not_workbook_labeled
493,233,70,52.3966,53.086,-0.6894,L,M,inferred_not_workbook_labeled
492,233,70,51.9675,52.784,-0.8165,L,M,inferred_not_workbook_labeled
491,233,70,51.5377,52.469,-0.9313,L,M,inferred_not_workbook_labeled
490,233,70,51.2673,52.139,-0.8717,L,M,inferred_not_workbook_labeled
489,233,70,50.8749,51.793,-0.9181,L,M,inferred_not_workbook_labeled
488,233,70,50.5025,51.432,-0.9295,L,M,inferred_not_workbook_labeled
487,233,70,50.3364,51.054,-0.7176,L,M,inferred_not_workbook_labeled
486,233,70,49.7036,50.659,-0.9554,L,M,inferred_not_workbook_labeled
485,233,70,49.4423,50.247,-0.8047,L,M,inferred_not_workbook_labeled
484,233,70,49.0953,49.816,-0.7207,L,M,inferred_not_workbook_labeled
483,233,70,48.5664,49.367,-0.8006,L,M,inferred_not_workbook_labeled
482,233,70,48.1439,48.898,-0.7541,L,M,inferred_not_workbook_labeled
481,233,70,47.6681,48.409,-0.7409,L,M,inferred_not_workbook_labeled
480,233,70,47.1077,47.9,-0.7923,L,M,inferred_not_workbook_labeled
479,233,70,46.6444,47.371,-0.7266,L,M,inferred_not_workbook_labeled
478,233,70,45.8124,46.819,-1.0066,L,M,inferred_not_workbook_labeled
477,233,70,45.4673,46.247,-0.7797,L,M,inferred_not_workbook_labeled
476,233,70,45.0667,45.652,-0.5853,L,M,inferred_not_workbook_labeled
475,233,70,44.3017,45.035,-0.7333,L,M,inferred_not_workbook_labeled
474,233,70,43.5898,44.395,-0.8052,L,M,inferred_not_workbook_labeled
473,233,70,43.0279,43.733,-0.7051,L,M,inferred_not_workbook_labeled
472,233,70,42.1853,43.047,-0.8617,L,M,inferred_not_workbook_labeled
471,233,70,41.4143,42.339,-0.9247,L,M,inferred_not_workbook_labeled
470,233,70,40.8063,41.606,-0.7997,L,M,inferred_not_workbook_labeled
469,233,70,39.8464,40.851,-1.0046,L,M,inferred_not_workbook_labeled
468,233,70,39.148,40.072,-0.924,L,M,inferred_not_workbook_labeled
467,233,70,38.5283,39.269,-0.7407,L,M,inferred_not_workbook_labeled
466,233,70,37.6684,38.443,-0.7746,L,M,inferred_not_workbook_labeled
465,233,70,36.8078,37.594,-0.7862,L,M,inferred_not_workbook_labeled
464,233,70,35.7728,36.721,-0.9482,L,M,inferred_not_workbook_labeled
463,233,70,34.9346,35.825,-0.8904,L,M,inferred_not_workbook_labeled
462,233,70,33.9139,34.906,-0.9921,L,M,inferred_not_workbook_labeled
461,233,70,33.1663,33.965,-0.7987,L,M,inferred_not_workbook_labeled
460,233,70,32.1018,33.001,-0.8992,L,M,inferred_not_workbook_labeled
459,233,70,31.1017,32.016,-0.9143,L,M,inferred_not_workbook_labeled
458,233,70,30.022,31.011,-0.989,L,M,inferred_not_workbook_labeled
457,233,70,29.0474,29.985,-0.9376,L,M,inferred_not_workbook_labeled
456,233,70,28.0309,28.942,-0.9111,L,M,inferred_not_workbook_labeled
455,233,70,26.7137,27.88,-1.1663,L,M,inferred_not_workbook_labeled
454,233,70,25.5433,26.804,-1.2607,L,M,inferred_not_workbook_labeled
453,233,70,24.4028,25.714,-1.3112,L,M,inferred_not_workbook_labeled
452,233,70,23.3864,24.612,-1.2256,L,M,inferred_not_workbook_labeled
451,233,70,22.1332,23.502,-1.3688,L,M,inferred_not_workbook_labeled
450,233,70,21.009,22.387,-1.378,L,M,inferred_not_workbook_labeled
449,233,70,19.8802,21.269,-1.3888,L,M,inferred_not_workbook_labeled
448,233,70,18.728,20.153,-1.425,L,M,inferred_not_workbook_labeled
447,233,70,17.5317,19.044,-1.5123,L,M,inferred_not_workbook_labeled
446,233,70,16.3684,17.945,-1.5766,L,M,inferred_not_workbook_labeled
445,233,70,15.27,16.863,-1.593,L,M,inferred_not_workbook_labeled
444,233,70,14.1362,15.802,-1.6658,L,M,inferred_not_workbook_labeled
443,233,70,13.0154,14.768,-1.7526,L,M,inferred_not_workbook_labeled
442,233,70,11.93,13.769,-1.839,L,M,inferred_not_workbook_labeled
441,233,70,10.822,12.81,-1.988,L,M,inferred_not_workbook_labeled
440,233,70,9.85436,11.898,-2.04364,L,M,inferred_not_workbook_labeled
439,233,70,8.94163,11.041,-2.09937,L,M,inferred_not_workbook_labeled
438,233,70,8.01705,10.244,-2.22695,L,M,inferred_not_workbook_labeled
437,233,70,7.23055,9.516,-2.28545,L,M,inferred_not_workbook_labeled
436,233,70,6.4534,8.863,-2.4096,L,M,inferred_not_workbook_labeled
435,233,70,5.75807,8.292,-2.53393,L,M,inferred_not_workbook_labeled
434,233,70,5.19956,7.809,-2.60944,L,M,inferred_not_workbook_labeled
433,233,70,4.67763,7.42,-2.74237,L,M,inferred_not_workbook_labeled
432,233,70,4.25409,7.13,-2.87591,L,M,inferred_not_workbook_labeled
431,233,70,3.9269,6.945,-3.0181,L,M,inferred_not_workbook_labeled
430,233,70,3.71878,6.867,-3.14822,L,M,inferred_not_workbook_labeled
429,233,70,3.67998,6.9,-3.22002,L,M,inferred_not_workbook_labeled
428,233,70,3.75474,7.046,-3.29126,L,M,inferred_not_workbook_labeled
427,233,70,3.86468,7.307,-3.44232,L,M,inferred_not_workbook_labeled
426,233,70,4.09058,7.683,-3.59242,L,M,inferred_not_workbook_labeled
425,233,70,4.51011,8.172,-3.66189,L,M,inferred_not_workbook_labeled
424,233,70,5.02765,8.772,-3.74435,L,M,inferred_not_workbook_labeled
423,233,70,5.58472,9.481,-3.89628,L,M,inferred_not_workbook_labeled
422,233,70,6.35078,10.295,-3.94422,L,M,inferred_not_workbook_labeled
421,233,70,7.24037,11.209,-3.96863,L,M,inferred_not_workbook_labeled
420,233,70,8.19091,12.216,-4.02509,L,M,inferred_not_workbook_labeled
419,233,70,9.15192,13.31,-4.15808,L,M,inferred_not_workbook_labeled
418,233,70,10.1936,14.484,-4.2904,L,M,inferred_not_workbook_labeled
417,233,70,11.5227,15.73,-4.2073,L,M,inferred_not_workbook_labeled
416,233,70,12.841,17.039,-4.198,L,M,inferred_not_workbook_labeled
415,233,70,14.1218,18.403,-4.2812,L,M,inferred_not_workbook_labeled
414,233,70,15.3474,19.814,-4.4666,L,M,inferred_not_workbook_labeled
413,233,70,17.0461,21.261,-4.2149,L,M,inferred_not_workbook_labeled
412,233,70,18.673,22.737,-4.064,L,M,inferred_not_workbook_labeled
411,233,70,20.1201,24.234,-4.1139,L,M,inferred_not_workbook_labeled
410,233,70,21.5834,25.743,-4.1596,L,M,inferred_not_workbook_labeled
409,233,70,23.1095,27.257,-4.1475,L,M,inferred_not_workbook_labeled
408,233,70,24.763,28.768,-4.005,L,M,inferred_not_workbook_labeled
407,233,70,26.3326,30.271,-3.9384,L,M,inferred_not_workbook_labeled
406,233,70,27.9766,31.759,-3.7824,L,M,inferred_not_workbook_labeled
405,233,70,29.5183,33.228,-3.7097,L,M,inferred_not_workbook_labeled
404,233,70,30.9714,34.673,-3.7016,L,M,inferred_not_workbook_labeled
403,233,70,32.573,36.089,-3.516,L,M,inferred_not_workbook_labeled
402,233,70,33.8046,37.474,-3.6694,L,M,inferred_not_workbook_labeled
401,233,70,35.2927,38.825,-3.5323,L,M,inferred_not_workbook_labeled
400,233,70,36.9267,40.139,-3.2123,L,M,inferred_not_workbook_labeled
399,233,70,37.9441,41.414,-3.4699,L,M,inferred_not_workbook_labeled
398,233,70,39.2167,42.649,-3.4323,L,M,inferred_not_workbook_labeled
397,233,70,40.3773,43.842,-3.4647,L,M,inferred_not_workbook_labeled
396,233,70,41.2472,44.991,-3.7438,L,M,inferred_not_workbook_labeled
395,233,70,42.5455,46.095,-3.5495,L,M,inferred_not_workbook_labeled
394,233,70,43.6082,47.154,-3.5458,L,M,inferred_not_workbook_labeled
393,233,70,44.2895,48.166,-3.8765,L,M,inferred_not_workbook_labeled
392,233,70,45.397,49.13,-3.733,L,M,inferred_not_workbook_labeled
391,233,70,46.5177,50.046,-3.5283,L,M,inferred_not_workbook_labeled
390,233,70,47.6243,50.912,-3.2877,L,M,inferred_not_workbook_labeled
389,233,70,48.1697,51.729,-3.5593,L,M,inferred_not_workbook_labeled
388,233,70,48.7829,52.495,-3.7121,L,M,inferred_not_workbook_labeled
387,233,70,49.4539,53.21,-3.7561,L,M,inferred_not_workbook_labeled
386,233,70,50.0415,53.875,-3.8335,L,M,inferred_not_workbook_labeled
385,233,70,50.5618,54.489,-3.9272,L,M,inferred_not_workbook_labeled
384,233,70,51.1361,55.054,-3.9179,L,M,inferred_not_workbook_labeled
383,233,70,51.224,55.568,-4.344,L,M,inferred_not_workbook_labeled
382,233,70,51.4773,56.034,-4.5567,L,M,inferred_not_workbook_labeled
381,233,70,51.8234,56.453,-4.6296,L,M,inferred_not_workbook_labeled
380,233,70,52.1626,56.825,-4.6624,L,M,inferred_not_workbook_labeled
379,233,70,52.6331,57.151,-4.5179,L,M,inferred_not_workbook_labeled
378,233,70,52.7534,57.433,-4.6796,L,M,inferred_not_workbook_labeled
377,233,70,52.7406,57.671,-4.9304,L,M,inferred_not_workbook_labeled
376,233,70,52.6806,57.866,-5.1854,L,M,inferred_not_workbook_labeled
375,233,70,52.593,58.016,-5.423,L,M,inferred_not_workbook_labeled
374,233,70,52.3674,58.123,-5.7556,L,M,inferred_not_workbook_labeled
373,233,70,52.1413,58.185,-6.0437,L,M,inferred_not_workbook_labeled
372,233,70,52.1935,58.2,-6.0065,L,M,inferred_not_workbook_labeled
371,233,70,51.7124,58.167,-6.4546,L,M,inferred_not_workbook_labeled
370,233,70,51.4053,58.082,-6.6767,L,M,inferred_not_workbook_labeled
369,233,70,50.9205,57.943,-7.0225,L,M,inferred_not_workbook_labeled
368,233,70,50.67,57.746,-7.076,L,M,inferred_not_workbook_labeled
367,233,70,49.9592,57.489,-7.5298,L,M,inferred_not_workbook_labeled
366,233,70,49.2609,57.168,-7.9071,L,M,inferred_not_workbook_labeled
365,233,70,48.0173,56.779,-8.7617,L,M,inferred_not_workbook_labeled
364,233,70,46.9188,56.321,-9.4022,L,M,inferred_not_workbook_labeled
363,233,70,45.6784,55.79,-10.1116,L,M,inferred_not_workbook_labeled
362,233,70,44.6485,55.184,-10.5355,L,M,inferred_not_workbook_labeled
361,233,70,42.9539,54.503,-11.5491,L,M,inferred_not_workbook_labeled
360,233,70,40.569,53.744,-13.175,L,M,inferred_not_workbook_labeled
359,233,70,38.9588,52.907,-13.9482,L,M,inferred_not_workbook_labeled
358,233,70,37.1206,51.99,-14.8694,L,M,inferred_not_workbook_labeled
357,233,70,35.9903,50.993,-15.0027,L,M,inferred_not_workbook_labeled
356,233,70,33.9201,49.914,-15.9939,L,M,inferred_not_workbook_labeled
355,233,70,31.9253,48.75,-16.8247,L,M,inferred_not_workbook_labeled
354,233,70,29.7645,47.498,-17.7335,L,M,inferred_not_workbook_labeled
353,233,70,26.6812,46.153,-19.4718,L,M,inferred_not_workbook_labeled
352,233,70,24.0353,44.71,-20.6747,L,M,inferred_not_workbook_labeled
351,233,70,21.7801,43.163,-21.3829,L,M,inferred_not_workbook_labeled
350,233,70,19.6057,41.503,-21.8973,L,M,inferred_not_workbook_labeled
780,250,0,22.5635,14.09,8.4735,N,O,inferred_not_workbook_labeled
779,250,0,22.1331,13.838,8.2951,N,O,inferred_not_workbook_labeled
778,250,0,21.8806,13.59,8.2906,N,O,inferred_not_workbook_labeled
777,250,0,21.5538,13.344,8.2098,N,O,inferred_not_workbook_labeled
776,250,0,20.8648,13.102,7.7628,N,O,inferred_not_workbook_labeled
775,250,0,20.5344,12.864,7.6704,N,O,inferred_not_workbook_labeled
774,250,0,20.4709,12.63,7.8409,N,O,inferred_not_workbook_labeled
773,250,0,20.015,12.399,7.616,N,O,inferred_not_workbook_labeled
772,250,0,19.5023,12.173,7.3293,N,O,inferred_not_workbook_labeled
771,250,0,19.0776,11.95,7.1276,N,O,inferred_not_workbook_labeled
770,250,0,18.6911,11.732,6.9591,N,O,inferred_not_workbook_labeled
769,250,0,18.5508,11.519,7.0318,N,O,inferred_not_workbook_labeled
768,250,0,18.4331,11.31,7.1231,N,O,inferred_not_workbook_labeled
767,250,0,18.1497,11.106,7.0437,N,O,inferred_not_workbook_labeled
766,250,0,17.8545,10.908,6.9465,N,O,inferred_not_workbook_labeled
765,250,0,17.5868,10.714,6.8728,N,O,inferred_not_workbook_labeled
764,250,0,17.1763,10.525,6.6513,N,O,inferred_not_workbook_labeled
763,250,0,16.7095,10.342,6.3675,N,O,inferred_not_workbook_labeled
762,250,0,16.5489,10.165,6.3839,N,O,inferred_not_workbook_labeled
761,250,0,16.2881,9.993,6.2951,N,O,inferred_not_workbook_labeled
760,250,0,15.9121,9.827,6.0851,N,O,inferred_not_workbook_labeled
759,250,0,15.451,9.668,5.783,N,O,inferred_not_workbook_labeled
758,250,0,15.1473,9.514,5.6333,N,O,inferred_not_workbook_labeled
757,250,0,14.817,9.367,5.45,N,O,inferred_not_workbook_labeled
756,250,0,14.6407,9.226,5.4147,N,O,inferred_not_workbook_labeled
755,250,0,14.3389,9.092,5.2469,N,O,inferred_not_workbook_labeled
754,250,0,14.2051,8.965,5.2401,N,O,inferred_not_workbook_labeled
753,250,0,13.9591,8.845,5.1141,N,O,inferred_not_workbook_labeled
752,250,0,13.4486,8.732,4.7166,N,O,inferred_not_workbook_labeled
751,250,0,13.3639,8.626,4.7379,N,O,inferred_not_workbook_labeled
750,250,0,13.1137,8.527,4.5867,N,O,inferred_not_workbook_labeled
749,250,0,12.8911,8.436,4.4551,N,O,inferred_not_workbook_labeled
748,250,0,12.4841,8.352,4.1321,N,O,inferred_not_workbook_labeled
747,250,0,12.3071,8.276,4.0311,N,O,inferred_not_workbook_labeled
746,250,0,12.269,8.208,4.061,N,O,inferred_not_workbook_labeled
745,250,0,11.9915,8.148,3.8435,N,O,inferred_not_workbook_labeled
744,250,0,11.7035,8.096,3.6075,N,O,inferred_not_workbook_labeled
743,250,0,11.6408,8.052,3.5888,N,O,inferred_not_workbook_labeled
742,250,0,11.3426,8.017,3.3256,N,O,inferred_not_workbook_labeled
741,250,0,11.0364,7.99,3.0464,N,O,inferred_not_workbook_labeled
740,250,0,10.9821,7.971,3.0111,N,O,inferred_not_workbook_labeled
739,250,0,10.8926,7.961,2.9316,N,O,inferred_not_workbook_labeled
738,250,0,10.6776,7.96,2.7176,N,O,inferred_not_workbook_labeled
737,250,0,10.6505,7.967,2.6835,N,O,inferred_not_workbook_labeled
736,250,0,10.4402,7.983,2.4572,N,O,inferred_not_workbook_labeled
735,250,0,10.3037,8.008,2.2957,N,O,inferred_not_workbook_labeled
734,250,0,10.2032,8.042,2.1612,N,O,inferred_not_workbook_labeled
733,250,0,10.0397,8.085,1.9547,N,O,inferred_not_workbook_labeled
732,250,0,9.92152,8.137,1.78452,N,O,inferred_not_workbook_labeled
731,250,0,9.96329,8.198,1.76529,N,O,inferred_not_workbook_labeled
730,250,0,9.71838,8.268,1.45038,N,O,inferred_not_workbook_labeled
729,250,0,9.72603,8.348,1.37803,N,O,inferred_not_workbook_labeled
728,250,0,9.62325,8.436,1.18725,N,O,inferred_not_workbook_labeled
727,250,0,9.57347,8.534,1.03947,N,O,inferred_not_workbook_labeled
726,250,0,9.54632,8.641,0.90532,N,O,inferred_not_workbook_labeled
725,250,0,9.26787,8.757,0.51087,N,O,inferred_not_workbook_labeled
724,250,0,9.38444,8.882,0.50244,N,O,inferred_not_workbook_labeled
723,250,0,9.37706,9.017,0.36006,N,O,inferred_not_workbook_labeled
722,250,0,9.4182,9.161,0.2572,N,O,inferred_not_workbook_labeled
721,250,0,9.39574,9.313,0.08274,N,O,inferred_not_workbook_labeled
720,250,0,9.30912,9.475,-0.16588,N,O,inferred_not_workbook_labeled
719,250,0,9.34414,9.646,-0.30186,N,O,inferred_not_workbook_labeled
718,250,0,9.39954,9.826,-0.42646,N,O,inferred_not_workbook_labeled
717,250,0,9.43448,10.015,-0.58052,N,O,inferred_not_workbook_labeled
716,250,0,9.38198,10.212,-0.83002,N,O,inferred_not_workbook_labeled
715,250,0,9.47674,10.419,-0.94226,N,O,inferred_not_workbook_labeled
714,250,0,9.5847,10.634,-1.0493,N,O,inferred_not_workbook_labeled
713,250,0,9.83756,10.858,-1.02044,N,O,inferred_not_workbook_labeled
712,250,0,9.80084,11.09,-1.28916,N,O,inferred_not_workbook_labeled
711,250,0,9.97215,11.331,-1.35885,N,O,inferred_not_workbook_labeled
710,250,0,10.1177,11.58,-1.4623,N,O,inferred_not_workbook_labeled
709,250,0,10.2065,11.838,-1.6315,N,O,inferred_not_workbook_labeled
708,250,0,10.3046,12.103,-1.7984,N,O,inferred_not_workbook_labeled
707,250,0,10.4804,12.377,-1.8966,N,O,inferred_not_workbook_labeled
706,250,0,10.4534,12.658,-2.2046,N,O,inferred_not_workbook_labeled
705,250,0,10.8025,12.947,-2.1445,N,O,inferred_not_workbook_labeled
704,250,0,10.9062,13.243,-2.3368,N,O,inferred_not_workbook_labeled
703,250,0,11.0689,13.547,-2.4781,N,O,inferred_not_workbook_labeled
702,250,0,11.4574,13.858,-2.4006,N,O,inferred_not_workbook_labeled
701,250,0,11.3839,14.177,-2.7931,N,O,inferred_not_workbook_labeled
700,250,0,11.5077,14.502,-2.9943,N,O,inferred_not_workbook_labeled
699,250,0,11.9387,14.834,-2.8953,N,O,inferred_not_workbook_labeled
698,250,0,12.1011,15.172,-3.0709,N,O,inferred_not_workbook_labeled
697,250,0,12.437,15.517,-3.08,N,O,inferred_not_workbook_labeled
696,250,0,12.6491,15.868,-3.2189,N,O,inferred_not_workbook_labeled
695,250,0,12.9525,16.225,-3.2725,N,O,inferred_not_workbook_labeled
694,250,0,13.2971,16.589,-3.2919,N,O,inferred_not_workbook_labeled
693,250,0,13.4199,16.957,-3.5371,N,O,inferred_not_workbook_labeled
692,250,0,13.6096,17.331,-3.7214,N,O,inferred_not_workbook_labeled
691,250,0,13.9962,17.711,-3.7148,N,O,inferred_not_workbook_labeled
690,250,0,14.2697,18.095,-3.8253,N,O,inferred_not_workbook_labeled
689,250,0,14.7345,18.485,-3.7505,N,O,inferred_not_workbook_labeled
688,250,0,15.0564,18.879,-3.8226,N,O,inferred_not_workbook_labeled
687,250,0,15.343,19.277,-3.934,N,O,inferred_not_workbook_labeled
686,250,0,15.6704,19.68,-4.0096,N,O,inferred_not_workbook_labeled
685,250,0,16.0726,20.087,-4.0144,N,O,inferred_not_workbook_labeled
684,250,0,16.5191,20.497,-3.9779,N,O,inferred_not_workbook_labeled
683,250,0,16.8748,20.912,-4.0372,N,O,inferred_not_workbook_labeled
682,250,0,17.1734,21.329,-4.1556,N,O,inferred_not_workbook_labeled
681,250,0,17.5415,21.75,-4.2085,N,O,inferred_not_workbook_labeled
680,250,0,17.7252,22.174,-4.4488,N,O,inferred_not_workbook_labeled
679,250,0,18.0968,22.601,-4.5042,N,O,inferred_not_workbook_labeled
678,250,0,18.5546,23.03,-4.4754,N,O,inferred_not_workbook_labeled
677,250,0,19.0704,23.462,-4.3916,N,O,inferred_not_workbook_labeled
676,250,0,19.4765,23.896,-4.4195,N,O,inferred_not_workbook_labeled
675,250,0,19.6895,24.332,-4.6425,N,O,inferred_not_workbook_labeled
674,250,0,20.2504,24.769,-4.5186,N,O,inferred_not_workbook_labeled
673,250,0,20.8502,25.209,-4.3588,N,O,inferred_not_workbook_labeled
672,250,0,21.3141,25.649,-4.3349,N,O,inferred_not_workbook_labeled
671,250,0,21.5262,26.091,-4.5648,N,O,inferred_not_workbook_labeled
670,250,0,22.0426,26.534,-4.4914,N,O,inferred_not_workbook_labeled
669,250,0,22.419,26.978,-4.559,N,O,inferred_not_workbook_labeled
668,250,0,22.7414,27.422,-4.6806,N,O,inferred_not_workbook_labeled
667,250,0,23.1532,27.867,-4.7138,N,O,inferred_not_workbook_labeled
666,250,0,23.6768,28.312,-4.6352,N,O,inferred_not_workbook_labeled
665,250,0,24.142,28.757,-4.615,N,O,inferred_not_workbook_labeled
664,250,0,24.5577,29.202,-4.6443,N,O,inferred_not_workbook_labeled
663,250,0,25.0226,29.647,-4.6244,N,O,inferred_not_workbook_labeled
662,250,0,25.5441,30.092,-4.5479,N,O,inferred_not_workbook_labeled
661,250,0,25.9885,30.536,-4.5475,N,O,inferred_not_workbook_labeled
660,250,0,26.5353,30.979,-4.4437,N,O,inferred_not_workbook_labeled
659,250,0,26.7613,31.421,-4.6597,N,O,inferred_not_workbook_labeled
658,250,0,27.385,31.862,-4.477,N,O,inferred_not_workbook_labeled
657,250,0,27.9245,32.302,-4.3775,N,O,inferred_not_workbook_labeled
656,250,0,28.1918,32.741,-4.5492,N,O,inferred_not_workbook_labeled
655,250,0,28.6705,33.178,-4.5075,N,O,inferred_not_workbook_labeled
654,250,0,29.2413,33.614,-4.3727,N,O,inferred_not_workbook_labeled
653,250,0,29.5756,34.047,-4.4714,N,O,inferred_not_workbook_labeled
652,250,0,30.0222,34.479,-4.4568,N,O,inferred_not_workbook_labeled
651,250,0,30.3287,34.909,-4.5803,N,O,inferred_not_workbook_labeled
650,250,0,30.952,35.337,-4.385,N,O,inferred_not_workbook_labeled
649,250,0,31.3791,35.762,-4.3829,N,O,inferred_not_workbook_labeled
648,250,0,31.793,36.185,-4.392,N,O,inferred_not_workbook_labeled
647,250,0,32.391,36.606,-4.215,N,O,inferred_not_workbook_labeled
646,250,0,32.9183,37.024,-4.1057,N,O,inferred_not_workbook_labeled
645,250,0,33.3499,37.439,-4.0891,N,O,inferred_not_workbook_labeled
644,250,0,33.7926,37.852,-4.0594,N,O,inferred_not_workbook_labeled
643,250,0,34.0411,38.261,-4.2199,N,O,inferred_not_workbook_labeled
642,250,0,34.6946,38.668,-3.9734,N,O,inferred_not_workbook_labeled
641,250,0,35.0712,39.071,-3.9998,N,O,inferred_not_workbook_labeled
640,250,0,35.4601,39.472,-4.0119,N,O,inferred_not_workbook_labeled
639,250,0,35.9304,39.869,-3.9386,N,O,inferred_not_workbook_labeled
638,250,0,36.5076,40.262,-3.7544,N,O,inferred_not_workbook_labeled
637,250,0,37.043,40.653,-3.61,N,O,inferred_not_workbook_labeled
636,250,0,37.2913,41.039,-3.7477,N,O,inferred_not_workbook_labeled
635,250,0,37.8249,41.422,-3.5971,N,O,inferred_not_workbook_labeled
634,250,0,38.1787,41.802,-3.6233,N,O,inferred_not_workbook_labeled
633,250,0,38.5834,42.177,-3.5936,N,O,inferred_not_workbook_labeled
632,250,0,39.182,42.549,-3.367,N,O,inferred_not_workbook_labeled
631,250,0,39.5284,42.917,-3.3886,N,O,inferred_not_workbook_labeled
630,250,0,40.0606,43.281,-3.2204,N,O,inferred_not_workbook_labeled
629,250,0,40.2411,43.641,-3.3999,N,O,inferred_not_workbook_labeled
628,250,0,40.6829,43.997,-3.3141,N,O,inferred_not_workbook_labeled
627,250,0,41.1506,44.349,-3.1984,N,O,inferred_not_workbook_labeled
626,250,0,41.6995,44.697,-2.9975,N,O,inferred_not_workbook_labeled
625,250,0,42.1618,45.04,-2.8782,N,O,inferred_not_workbook_labeled
624,250,0,42.3593,45.379,-3.0197,N,O,inferred_not_workbook_labeled
623,250,0,42.7332,45.714,-2.9808,N,O,inferred_not_workbook_labeled
622,250,0,43.0974,46.045,-2.9476,N,O,inferred_not_workbook_labeled
621,250,0,43.6629,46.371,-2.7081,N,O,inferred_not_workbook_labeled
620,250,0,44.0304,46.692,-2.6616,N,O,inferred_not_workbook_labeled
619,250,0,44.5424,47.009,-2.4666,N,O,inferred_not_workbook_labeled
618,250,0,44.8056,47.322,-2.5164,N,O,inferred_not_workbook_labeled
617,250,0,45.1284,47.63,-2.5016,N,O,inferred_not_workbook_labeled
616,250,0,45.5437,47.933,-2.3893,N,O,inferred_not_workbook_labeled
615,250,0,45.9636,48.231,-2.2674,N,O,inferred_not_workbook_labeled
614,250,0,46.1825,48.525,-2.3425,N,O,inferred_not_workbook_labeled
613,250,0,46.3029,48.814,-2.5111,N,O,inferred_not_workbook_labeled
612,250,0,46.7908,49.099,-2.3082,N,O,inferred_not_workbook_labeled
611,250,0,47.2121,49.378,-2.1659,N,O,inferred_not_workbook_labeled
610,250,0,47.3842,49.653,-2.2688,N,O,inferred_not_workbook_labeled
609,250,0,47.6253,49.923,-2.2977,N,O,inferred_not_workbook_labeled
608,250,0,48.0821,50.188,-2.1059,N,O,inferred_not_workbook_labeled
607,250,0,48.5771,50.448,-1.8709,N,O,inferred_not_workbook_labeled
606,250,0,48.768,50.703,-1.935,N,O,inferred_not_workbook_labeled
605,250,0,49.0887,50.953,-1.8643,N,O,inferred_not_workbook_labeled
604,250,0,49.4058,51.198,-1.7922,N,O,inferred_not_workbook_labeled
603,250,0,49.6345,51.438,-1.8035,N,O,inferred_not_workbook_labeled
602,250,0,49.9676,51.673,-1.7054,N,O,inferred_not_workbook_labeled
601,250,0,50.3459,51.903,-1.5571,N,O,inferred_not_workbook_labeled
600,250,0,50.7772,52.128,-1.3508,N,O,inferred_not_workbook_labeled
599,250,0,50.9543,52.348,-1.3937,N,O,inferred_not_workbook_labeled
598,250,0,51.0764,52.562,-1.4856,N,O,inferred_not_workbook_labeled
597,250,0,51.3917,52.772,-1.3803,N,O,inferred_not_workbook_labeled
596,250,0,51.5534,52.976,-1.4226,N,O,inferred_not_workbook_labeled
595,250,0,51.7779,53.175,-1.3971,N,O,inferred_not_workbook_labeled
594,250,0,52.1804,53.368,-1.1876,N,O,inferred_not_workbook_labeled
593,250,0,52.5128,53.557,-1.0442,N,O,inferred_not_workbook_labeled
592,250,0,52.5775,53.74,-1.1625,N,O,inferred_not_workbook_labeled
591,250,0,52.7167,53.918,-1.2013,N,O,inferred_not_workbook_labeled
590,250,0,52.9678,54.09,-1.1222,N,O,inferred_not_workbook_labeled
589,250,0,53.3136,54.258,-0.9444,N,O,inferred_not_workbook_labeled
588,250,0,53.3496,54.419,-1.0694,N,O,inferred_not_workbook_labeled
587,250,0,53.7564,54.576,-0.8196,N,O,inferred_not_workbook_labeled
586,250,0,53.6928,54.727,-1.0342,N,O,inferred_not_workbook_labeled
585,250,0,54.1237,54.872,-0.7483,N,O,inferred_not_workbook_labeled
584,250,0,54.4137,55.012,-0.5983,N,O,inferred_not_workbook_labeled
583,250,0,54.4478,55.146,-0.6982,N,O,inferred_not_workbook_labeled
582,250,0,54.7561,55.275,-0.5189,N,O,inferred_not_workbook_labeled
581,250,0,54.8498,55.398,-0.5482,N,O,inferred_not_workbook_labeled
580,250,0,55.205,55.516,-0.311,N,O,inferred_not_workbook_labeled
579,250,0,55.455,55.628,-0.173,N,O,inferred_not_workbook_labeled
578,250,0,55.5208,55.734,-0.2132,N,O,inferred_not_workbook_labeled
577,250,0,55.5348,55.834,-0.2992,N,O,inferred_not_workbook_labeled
576,250,0,55.473,55.928,-0.455,N,O,inferred_not_workbook_labeled
575,250,0,55.5677,56.017,-0.4493,N,O,inferred_not_workbook_labeled
574,250,0,55.8968,56.1,-0.2032,N,O,inferred_not_workbook_labeled
573,250,0,56.1928,56.176,0.0168,N,O,inferred_not_workbook_labeled
572,250,0,56.234,56.246,-0.012,N,O,inferred_not_workbook_labeled
571,250,0,56.1999,56.311,-0.1111,N,O,inferred_not_workbook_labeled
570,250,0,56.4404,56.369,0.0714,N,O,inferred_not_workbook_labeled
569,250,0,56.4913,56.421,0.0703,N,O,inferred_not_workbook_labeled
568,250,0,56.9485,56.467,0.4815,N,O,inferred_not_workbook_labeled
567,250,0,56.8782,56.506,0.3722,N,O,inferred_not_workbook_labeled
566,250,0,56.9082,56.539,0.3692,N,O,inferred_not_workbook_labeled
565,250,0,56.8242,56.565,0.2592,N,O,inferred_not_workbook_labeled
564,250,0,56.8768,56.585,0.2918,N,O,inferred_not_workbook_labeled
563,250,0,57.0161,56.598,0.4181,N,O,inferred_not_workbook_labeled
562,250,0,57.308,56.604,0.704,N,O,inferred_not_workbook_labeled
561,250,0,57.275,56.604,0.671,N,O,inferred_not_workbook_labeled
560,250,0,57.3424,56.597,0.7454,N,O,inferred_not_workbook_labeled
559,250,0,57.2698,56.582,0.6878,N,O,inferred_not_workbook_labeled
558,250,0,57.4087,56.561,0.8477,N,O,inferred_not_workbook_labeled
557,250,0,57.3379,56.532,0.8059,N,O,inferred_not_workbook_labeled
556,250,0,57.5364,56.497,1.0394,N,O,inferred_not_workbook_labeled
555,250,0,57.4386,56.454,0.9846,N,O,inferred_not_workbook_labeled
554,250,0,57.4379,56.403,1.0349,N,O,inferred_not_workbook_labeled
553,250,0,57.191,56.346,0.845,N,O,inferred_not_workbook_labeled
552,250,0,57.1623,56.28,0.8823,N,O,inferred_not_workbook_labeled
551,250,0,57.3967,56.207,1.1897,N,O,inferred_not_workbook_labeled
550,250,0,57.203,56.127,1.076,N,O,inferred_not_workbook_labeled
549,250,0,57.1427,56.038,1.1047,N,O,inferred_not_workbook_labeled
548,250,0,57.4058,55.941,1.4648,N,O,inferred_not_workbook_labeled
547,250,0,57.4063,55.836,1.5703,N,O,inferred_not_workbook_labeled
546,250,0,57.2722,55.723,1.5492,N,O,inferred_not_workbook_labeled
545,250,0,57.2812,55.602,1.6792,N,O,inferred_not_workbook_labeled
544,250,0,57.1355,55.472,1.6635,N,O,inferred_not_workbook_labeled
543,250,0,57.0121,55.334,1.6781,N,O,inferred_not_workbook_labeled
542,250,0,56.8905,55.187,1.7035,N,O,inferred_not_workbook_labeled
541,250,0,56.8479,55.03,1.8179,N,O,inferred_not_workbook_labeled
540,250,0,56.7014,54.865,1.8364,N,O,inferred_not_workbook_labeled
539,250,0,56.4231,54.691,1.7321,N,O,inferred_not_workbook_labeled
538,250,0,56.4294,54.507,1.9224,N,O,inferred_not_workbook_labeled
537,250,0,56.4474,54.313,2.1344,N,O,inferred_not_workbook_labeled
536,250,0,56.1634,54.109,2.0544,N,O,inferred_not_workbook_labeled
535,250,0,55.8448,53.896,1.9488,N,O,inferred_not_workbook_labeled
534,250,0,55.8939,53.672,2.2219,N,O,inferred_not_workbook_labeled
533,250,0,55.6836,53.438,2.2456,N,O,inferred_not_workbook_labeled
532,250,0,55.4783,53.193,2.2853,N,O,inferred_not_workbook_labeled
531,250,0,55.1291,52.937,2.1921,N,O,inferred_not_workbook_labeled
530,250,0,54.9957,52.67,2.3257,N,O,inferred_not_workbook_labeled
529,250,0,54.9318,52.391,2.5408,N,O,inferred_not_workbook_labeled
528,250,0,54.7232,52.1,2.6232,N,O,inferred_not_workbook_labeled
527,250,0,54.4308,51.797,2.6338,N,O,inferred_not_workbook_labeled
526,250,0,54.2897,51.482,2.8077,N,O,inferred_not_workbook_labeled
525,250,0,53.8981,51.154,2.7441,N,O,inferred_not_workbook_labeled
524,250,0,53.461,50.814,2.647,N,O,inferred_not_workbook_labeled
523,250,0,53.2341,50.46,2.7741,N,O,inferred_not_workbook_labeled
522,250,0,53.1088,50.092,3.0168,N,O,inferred_not_workbook_labeled
521,250,0,52.8626,49.71,3.1526,N,O,inferred_not_workbook_labeled
520,250,0,52.4645,49.315,3.1495,N,O,inferred_not_workbook_labeled
519,250,0,51.9492,48.904,3.0452,N,O,inferred_not_workbook_labeled
518,250,0,51.8783,48.479,3.3993,N,O,inferred_not_workbook_labeled
517,250,0,51.6028,48.039,3.5638,N,O,inferred_not_workbook_labeled
516,250,0,51.1308,47.583,3.5478,N,O,inferred_not_workbook_labeled
515,250,0,50.7895,47.112,3.6775,N,O,inferred_not_workbook_labeled
514,250,0,50.1894,46.625,3.5644,N,O,inferred_not_workbook_labeled
513,250,0,49.8329,46.121,3.7119,N,O,inferred_not_workbook_labeled
512,250,0,49.3777,45.6,3.7777,N,O,inferred_not_workbook_labeled
511,250,0,48.8469,45.063,3.7839,N,O,inferred_not_workbook_labeled
510,250,0,48.2116,44.509,3.7026,N,O,inferred_not_workbook_labeled
509,250,0,47.8742,43.937,3.9372,N,O,inferred_not_workbook_labeled
508,250,0,47.177,43.347,3.83,N,O,inferred_not_workbook_labeled
507,250,0,46.8258,42.74,4.0858,N,O,inferred_not_workbook_labeled
506,250,0,46.2089,42.114,4.0949,N,O,inferred_not_workbook_labeled
505,250,0,45.7016,41.47,4.2316,N,O,inferred_not_workbook_labeled
504,250,0,45.1208,40.808,4.3128,N,O,inferred_not_workbook_labeled
503,250,0,44.4045,40.127,4.2775,N,O,inferred_not_workbook_labeled
502,250,0,43.8701,39.427,4.4431,N,O,inferred_not_workbook_labeled
501,250,0,43.3464,38.709,4.6374,N,O,inferred_not_workbook_labeled
500,250,0,42.5741,37.971,4.6031,N,O,inferred_not_workbook_labeled
499,250,0,42.0089,37.215,4.7939,N,O,inferred_not_workbook_labeled
498,250,0,41.4457,36.439,5.0067,N,O,inferred_not_workbook_labeled
497,250,0,40.5506,35.645,4.9056,N,O,inferred_not_workbook_labeled
496,250,0,39.8194,34.832,4.9874,N,O,inferred_not_workbook_labeled
495,250,0,38.9848,34.0,4.9848,N,O,inferred_not_workbook_labeled
494,250,0,38.3028,33.151,5.1518,N,O,inferred_not_workbook_labeled
493,250,0,37.6437,32.283,5.3607,N,O,inferred_not_workbook_labeled
492,250,0,36.9611,31.398,5.5631,N,O,inferred_not_workbook_labeled
491,250,0,35.942,30.496,5.446,N,O,inferred_not_workbook_labeled
490,250,0,35.21,29.578,5.632,N,O,inferred_not_workbook_labeled
489,250,0,34.5147,28.645,5.8697,N,O,inferred_not_workbook_labeled
488,250,0,33.4582,27.697,5.7612,N,O,inferred_not_workbook_labeled
487,250,0,32.5153,26.737,5.7783,N,O,inferred_not_workbook_labeled
486,250,0,31.5644,25.765,5.7994,N,O,inferred_not_workbook_labeled
485,250,0,30.6777,24.782,5.8957,N,O,inferred_not_workbook_labeled
484,250,0,29.6888,23.791,5.8978,N,O,inferred_not_workbook_labeled
483,250,0,28.7262,22.793,5.9332,N,O,inferred_not_workbook_labeled
482,250,0,27.7367,21.791,5.9457,N,O,inferred_not_workbook_labeled
481,250,0,26.6082,20.787,5.8212,N,O,inferred_not_workbook_labeled
480,250,0,25.4514,19.784,5.6674,N,O,inferred_not_workbook_labeled
479,250,0,24.4472,18.784,5.6632,N,O,inferred_not_workbook_labeled
478,250,0,23.5014,17.79,5.7114,N,O,inferred_not_workbook_labeled
477,250,0,22.4005,16.807,5.5935,N,O,inferred_not_workbook_labeled
476,250,0,21.3939,15.837,5.5569,N,O,inferred_not_workbook_labeled
475,250,0,20.3199,14.884,5.4359,N,O,inferred_not_workbook_labeled
474,250,0,19.2164,13.953,5.2634,N,O,inferred_not_workbook_labeled
473,250,0,18.0683,13.046,5.0223,N,O,inferred_not_workbook_labeled
472,250,0,17.0221,12.17,4.8521,N,O,inferred_not_workbook_labeled
471,250,0,15.9712,11.328,4.6432,N,O,inferred_not_workbook_labeled
470,250,0,14.9383,10.524,4.4143,N,O,inferred_not_workbook_labeled
469,250,0,13.8432,9.763,4.0802,N,O,inferred_not_workbook_labeled
468,250,0,12.9364,9.05,3.8864,N,O,inferred_not_workbook_labeled
467,250,0,11.8727,8.39,3.4827,N,O,inferred_not_workbook_labeled
466,250,0,10.9138,7.786,3.1278,N,O,inferred_not_workbook_labeled
465,250,0,10.0064,7.244,2.7624,N,O,inferred_not_workbook_labeled
464,250,0,9.06373,6.766,2.29773,N,O,inferred_not_workbook_labeled
463,250,0,8.28411,6.358,1.92611,N,O,inferred_not_workbook_labeled
462,250,0,7.51984,6.022,1.49784,N,O,inferred_not_workbook_labeled
461,250,0,6.74379,5.763,0.98079,N,O,inferred_not_workbook_labeled
460,250,0,6.03732,5.582,0.45532,N,O,inferred_not_workbook_labeled
459,250,0,5.40635,5.482,-0.07565,N,O,inferred_not_workbook_labeled
458,250,0,4.90166,5.466,-0.56434,N,O,inferred_not_workbook_labeled
457,250,0,4.38891,5.535,-1.14609,N,O,inferred_not_workbook_labeled
456,250,0,4.01275,5.689,-1.67625,N,O,inferred_not_workbook_labeled
455,250,0,3.72043,5.929,-2.20857,N,O,inferred_not_workbook_labeled
454,250,0,3.50582,6.254,-2.74818,N,O,inferred_not_workbook_labeled
453,250,0,3.35027,6.664,-3.31373,N,O,inferred_not_workbook_labeled
452,250,0,3.28855,7.157,-3.86845,N,O,inferred_not_workbook_labeled
451,250,0,3.33921,7.731,-4.39179,N,O,inferred_not_workbook_labeled
450,250,0,3.47115,8.383,-4.91185,N,O,inferred_not_workbook_labeled
449,250,0,3.76182,9.111,-5.34918,N,O,inferred_not_workbook_labeled
448,250,0,4.0888,9.91,-5.8212,N,O,inferred_not_workbook_labeled
447,250,0,4.53246,10.776,-6.24354,N,O,inferred_not_workbook_labeled
446,250,0,5.02611,11.706,-6.67989,N,O,inferred_not_workbook_labeled
445,250,0,5.60611,12.693,-7.08689,N,O,inferred_not_workbook_labeled
444,250,0,6.26239,13.732,-7.46961,N,O,inferred_not_workbook_labeled
443,250,0,7.13197,14.82,-7.68803,N,O,inferred_not_workbook_labeled
442,250,0,8.06093,15.949,-7.88807,N,O,inferred_not_workbook_labeled
441,250,0,8.93254,17.114,-8.18146,N,O,inferred_not_workbook_labeled
440,250,0,10.0165,18.31,-8.2935,N,O,inferred_not_workbook_labeled
439,250,0,11.0707,19.531,-8.4603,N,O,inferred_not_workbook_labeled
438,250,0,12.1918,20.772,-8.5802,N,O,inferred_not_workbook_labeled
437,250,0,13.3703,22.028,-8.6577,N,O,inferred_not_workbook_labeled
436,250,0,14.5408,23.294,-8.7532,N,O,inferred_not_workbook_labeled
435,250,0,15.9306,24.564,-8.6334,N,O,inferred_not_workbook_labeled
434,250,0,17.1386,25.836,-8.6974,N,O,inferred_not_workbook_labeled
433,250,0,18.6603,27.104,-8.4437,N,O,inferred_not_workbook_labeled
432,250,0,19.9387,28.366,-8.4273,N,O,inferred_not_workbook_labeled
431,250,0,21.0929,29.617,-8.5241,N,O,inferred_not_workbook_labeled
430,250,0,22.4534,30.855,-8.4016,N,O,inferred_not_workbook_labeled
429,250,0,24.1419,32.077,-7.9351,N,O,inferred_not_workbook_labeled
428,250,0,25.6189,33.281,-7.6621,N,O,inferred_not_workbook_labeled
427,250,0,26.8845,34.465,-7.5805,N,O,inferred_not_workbook_labeled
426,250,0,28.2543,35.626,-7.3717,N,O,inferred_not_workbook_labeled
425,250,0,29.7952,36.763,-6.9678,N,O,inferred_not_workbook_labeled
424,250,0,31.0784,37.875,-6.7966,N,O,inferred_not_workbook_labeled
423,250,0,32.2128,38.959,-6.7462,N,O,inferred_not_workbook_labeled
422,250,0,33.5366,40.015,-6.4784,N,O,inferred_not_workbook_labeled
421,250,0,35.0337,41.041,-6.0073,N,O,inferred_not_workbook_labeled
420,250,0,36.2251,42.037,-5.8119,N,O,inferred_not_workbook_labeled
419,250,0,37.5052,43.001,-5.4958,N,O,inferred_not_workbook_labeled
418,250,0,38.6091,43.931,-5.3219,N,O,inferred_not_workbook_labeled
417,250,0,39.5969,44.827,-5.2301,N,O,inferred_not_workbook_labeled
416,250,0,40.9385,45.687,-4.7485,N,O,inferred_not_workbook_labeled
415,250,0,41.9318,46.511,-4.5792,N,O,inferred_not_workbook_labeled
414,250,0,43.3496,47.298,-3.9484,N,O,inferred_not_workbook_labeled
413,250,0,44.3205,48.046,-3.7255,N,O,inferred_not_workbook_labeled
412,250,0,44.8343,48.756,-3.9217,N,O,inferred_not_workbook_labeled
411,250,0,45.8742,49.427,-3.5528,N,O,inferred_not_workbook_labeled
410,250,0,46.9461,50.057,-3.1109,N,O,inferred_not_workbook_labeled
409,250,0,48.0646,50.648,-2.5834,N,O,inferred_not_workbook_labeled
408,250,0,48.1228,51.2,-3.0772,N,O,inferred_not_workbook_labeled
407,250,0,48.7829,51.712,-2.9291,N,O,inferred_not_workbook_labeled
406,250,0,49.7987,52.185,-2.3863,N,O,inferred_not_workbook_labeled
405,250,0,50.4388,52.621,-2.1822,N,O,inferred_not_workbook_labeled
404,250,0,50.8579,53.018,-2.1601,N,O,inferred_not_workbook_labeled
403,250,0,51.626,53.379,-1.753,N,O,inferred_not_workbook_labeled
402,250,0,52.1734,53.704,-1.5306,N,O,inferred_not_workbook_labeled
401,250,0,52.2685,53.993,-1.7245,N,O,inferred_not_workbook_labeled
400,250,0,53.0285,54.247,-1.2185,N,O,inferred_not_workbook_labeled
399,250,0,53.5184,54.468,-0.9496,N,O,inferred_not_workbook_labeled
398,250,0,53.3005,54.653,-1.3525,N,O,inferred_not_workbook_labeled
397,250,0,53.4827,54.804,-1.3213,N,O,inferred_not_workbook_labeled
396,250,0,53.5696,54.919,-1.3494,N,O,inferred_not_workbook_labeled
395,250,0,53.5607,54.997,-1.4363,N,O,inferred_not_workbook_labeled
394,250,0,53.6387,55.037,-1.3983,N,O,inferred_not_workbook_labeled
393,250,0,53.4479,55.037,-1.5891,N,O,inferred_not_workbook_labeled
392,250,0,53.3783,54.995,-1.6167,N,O,inferred_not_workbook_labeled
391,250,0,53.6337,54.907,-1.2733,N,O,inferred_not_workbook_labeled
390,250,0,53.3548,54.771,-1.4162,N,O,inferred_not_workbook_labeled
389,250,0,52.8461,54.584,-1.7379,N,O,inferred_not_workbook_labeled
388,250,0,52.3573,54.344,-1.9867,N,O,inferred_not_workbook_labeled
387,250,0,51.9376,54.046,-2.1084,N,O,inferred_not_workbook_labeled
386,250,0,51.572,53.688,-2.116,N,O,inferred_not_workbook_labeled
385,250,0,50.6591,53.269,-2.6099,N,O,inferred_not_workbook_labeled
384,250,0,49.6302,52.785,-3.1548,N,O,inferred_not_workbook_labeled
383,250,0,49.0476,52.236,-3.1884,N,O,inferred_not_workbook_labeled
382,250,0,47.7835,51.618,-3.8345,N,O,inferred_not_workbook_labeled
381,250,0,46.7679,50.932,-4.1641,N,O,inferred_not_workbook_labeled
380,250,0,45.7858,50.177,-4.3912,N,O,inferred_not_workbook_labeled
379,250,0,44.6324,49.351,-4.7186,N,O,inferred_not_workbook_labeled
378,250,0,42.7239,48.453,-5.7291,N,O,inferred_not_workbook_labeled
377,250,0,41.347,47.484,-6.137,N,O,inferred_not_workbook_labeled
376,250,0,39.858,46.441,-6.583,N,O,inferred_not_workbook_labeled
375,250,0,38.1558,45.324,-7.1682,N,O,inferred_not_workbook_labeled
374,250,0,35.7157,44.129,-8.4133,N,O,inferred_not_workbook_labeled
373,250,0,33.5447,42.854,-9.3093,N,O,inferred_not_workbook_labeled
372,250,0,31.4543,41.497,-10.0427,N,O,inferred_not_workbook_labeled
371,250,0,29.557,40.053,-10.496,N,O,inferred_not_workbook_labeled
370,250,0,26.9493,38.52,-11.5707,N,O,inferred_not_workbook_labeled
369,250,0,23.7195,36.894,-13.1745,N,O,inferred_not_workbook_labeled
368,250,0,21.5736,35.172,-13.5984,N,O,inferred_not_workbook_labeled
367,250,0,19.0147,33.354,-14.3393,N,O,inferred_not_workbook_labeled
366,250,0,16.219,31.441,-15.222,N,O,inferred_not_workbook_labeled
365,250,0,13.8274,29.436,-15.6086,N,O,inferred_not_workbook_labeled
364,250,0,11.3552,27.346,-15.9908,N,O,inferred_not_workbook_labeled
363,250,0,9.13361,25.181,-16.04739,N,O,inferred_not_workbook_labeled
362,250,0,7.38319,22.958,-15.57481,N,O,inferred_not_workbook_labeled
361,250,0,5.52043,20.695,-15.17457,N,O,inferred_not_workbook_labeled
360,250,0,3.72895,18.419,-14.69005,N,O,inferred_not_workbook_labeled
359,250,0,2.61648,16.161,-13.54452,N,O,inferred_not_workbook_labeled
358,250,0,1.86633,13.954,-12.08767,N,O,inferred_not_workbook_labeled
357,250,0,1.4396,11.839,-10.3994,N,O,inferred_not_workbook_labeled
356,250,0,1.56337,9.857,-8.29363,N,O,inferred_not_workbook_labeled
355,250,0,1.98425,8.053,-6.06875,N,O,inferred_not_workbook_labeled
354,250,0,2.71948,6.47,-3.75052,N,O,inferred_not_workbook_labeled
353,250,0,3.73007,5.152,-1.42193,N,O,inferred_not_workbook_labeled
352,250,0,5.08261,4.137,0.94561,N,O,inferred_not_workbook_labeled
351,250,0,6.54137,3.459,3.08237,N,O,inferred_not_workbook_labeled
350,250,0,8.05764,3.145,4.91264,N,O,inferred_not_workbook_labeled
