wavelength_nm,frequency_thz,theta_air_raw_deg,theta_prism_deg,observed_r0_reflectance_fraction,package_static_prediction_fraction,residual_prediction_minus_observed,absolute_residual,power_norm_std,prepump_rows,delay_min_ps,delay_max_ps,in_figure2_plotted_window
1150,260.689093913,35,38.3522229072,0.00981409743018,0.0160044231952,0.00619032576506,0.00619032576506,0.00132494558927,11,-0.6,-0.4,false
1150,260.689093913,36,39.0137585711,0.0082315280436,0.0149198506759,0.00668832263232,0.00668832263232,0.000938882441901,11,-0.6,-0.4,false
1150,260.689093913,37,39.6763222586,0.00695763448221,0.0136850004446,0.00672736596242,0.00672736596242,0.00104946363191,11,-0.6,-0.4,false
1150,260.689093913,38,40.3397973986,0.00636410725775,0.0122871802648,0.00592307300701,0.00592307300701,0.00154561095736,11,-0.6,-0.4,false
1150,260.689093913,39,41.0040682498,0.00378816356949,0.0107233265713,0.0069351630018,0.0069351630018,0.00175671327235,11,-0.6,-0.4,false
1150,260.689093913,40,41.6690197955,0.00333013344222,0.00901667150526,0.00568653806303,0.00568653806303,0.00189404032811,11,-0.6,-0.4,false
1150,260.689093913,41,42.3345376402,0.00398314688544,0.0072630217167,0.00327987483126,0.00327987483126,0.00112994056095,11,-0.6,-0.4,false
1150,260.689093913,42,43.0005079045,0.0068196670965,0.00578436098914,-0.00103530610736,0.00103530610736,0.00131984731676,11,-0.6,-0.4,false
1150,260.689093913,43,43.6668171225,0.0220177460722,0.00584918713293,-0.0161685589392,0.0161685589392,0.00213745848863,11,-0.6,-0.4,false
1150,260.689093913,44,44.3333521377,0.0920875950193,0.0214793319101,-0.0706082631092,0.0706082631092,0.00164439542889,11,-0.6,-0.4,false
1150,260.689093913,45,45,0.114721590292,0.0837209523179,-0.0310006379744,0.0310006379744,0.00170789271782,11,-0.6,-0.4,false
1150,260.689093913,46,45.6666478623,0.137575581315,0.117307566699,-0.0202680146153,0.0202680146153,0.00155117609196,11,-0.6,-0.4,false
1150,260.689093913,47,46.3331828775,0.155503304572,0.14659736905,-0.00890593552161,0.00890593552161,0.00138772849856,11,-0.6,-0.4,false
1150,260.689093913,48,46.9994920955,0.176989180741,0.173261253909,-0.0037279268326,0.0037279268326,0.00170088353939,11,-0.6,-0.4,false
1150,260.689093913,49,47.6654623598,0.188847706872,0.197974816345,0.00912710947275,0.00912710947275,0.00273457045263,11,-0.6,-0.4,false
1150,260.689093913,50,48.3309802045,0.20690008637,0.221115898738,0.014215812368,0.014215812368,0.00191874888619,11,-0.6,-0.4,false
1150,260.689093913,51,48.9959317502,0.216669740306,0.242933591646,0.0262638513393,0.0262638513393,0.00260509616092,11,-0.6,-0.4,false
1150,260.689093913,52,49.6602026014,0.232190591861,0.263608796151,0.0314182042903,0.0314182042903,0.00221480498183,11,-0.6,-0.4,false
1150,260.689093913,53,50.3236777414,0.247168470669,0.28328117459,0.0361127039201,0.0361127039201,0.00282297322698,11,-0.6,-0.4,false
1150,260.689093913,54,50.9862414289,0.255694791644,0.302063014535,0.0463682228908,0.0463682228908,0.00254201067461,11,-0.6,-0.4,false
1150,260.689093913,55,51.6477770928,0.264363320404,0.320047160731,0.0556838403263,0.0556838403263,0.00323376561932,11,-0.6,-0.4,false
1150,260.689093913,56,52.3081672277,0.276345604407,0.337311940312,0.0609663359058,0.0609663359058,0.00349391634481,11,-0.6,-0.4,false
1150,260.689093913,57,52.9672932881,0.287049035045,0.35392442533,0.0668753902847,0.0668753902847,0.00259637859791,11,-0.6,-0.4,false
1150,260.689093913,58,53.6250355825,0.292847654123,0.369942708537,0.0770950544146,0.0770950544146,0.00260472201876,11,-0.6,-0.4,false
1150,260.689093913,59,54.2812731675,0.298819859626,0.385417558287,0.0865976986611,0.0865976986611,0.00355434270928,11,-0.6,-0.4,false
1150,260.689093913,60,54.9358837405,0.293106359434,0.400393663023,0.107287303589,0.107287303589,0.00248588801119,11,-0.6,-0.4,false
1160,258.441774138,35,38.3522229072,0.0119188638145,0.0216406241185,0.00972176030397,0.00972176030397,0.00161122145939,11,-0.6,-0.4,false
1160,258.441774138,36,39.0137585711,0.0112821770353,0.0205457960169,0.00926361898162,0.00926361898162,0.00203965358429,11,-0.6,-0.4,false
1160,258.441774138,37,39.6763222586,0.0104864731414,0.0192363401043,0.00874986696297,0.00874986696297,0.00153100684145,11,-0.6,-0.4,false
1160,258.441774138,38,40.3397973986,0.00820509889221,0.0176725754086,0.0094674765164,0.0094674765164,0.00153067795695,11,-0.6,-0.4,false
1160,258.441774138,39,41.0040682498,0.00530580519999,0.0158090058128,0.0105032006128,0.0105032006128,0.00174179954323,11,-0.6,-0.4,false
1160,258.441774138,40,41.6690197955,0.0040870807165,0.0135974465572,0.00951036584073,0.00951036584073,0.00200406149192,11,-0.6,-0.4,false
1160,258.441774138,41,42.3345376402,0.0041203324421,0.0110012366805,0.00688090423843,0.00688090423843,0.00121495285048,11,-0.6,-0.4,false
1160,258.441774138,42,43.0005079045,0.00449483589732,0.00805626108779,0.00356142519047,0.00356142519047,0.00165829484109,11,-0.6,-0.4,true
1160,258.441774138,43,43.6668171225,0.0149605334347,0.00520988759393,-0.00975064584073,0.00975064584073,0.00116680218259,11,-0.6,-0.4,true
1160,258.441774138,44,44.3333521377,0.0676302246832,0.00983238781079,-0.0577978368724,0.0577978368724,0.00130007812285,11,-0.6,-0.4,true
1160,258.441774138,45,45,0.0918454293902,0.0604715886989,-0.0313738406913,0.0313738406913,0.00200347040976,11,-0.6,-0.4,true
1160,258.441774138,46,45.6666478623,0.108533602656,0.0918476606781,-0.016685941978,0.016685941978,0.00166960846209,11,-0.6,-0.4,true
1160,258.441774138,47,46.3331828775,0.128914416185,0.119805517351,-0.00910889883384,0.00910889883384,0.00177611231481,11,-0.6,-0.4,true
1160,258.441774138,48,46.9994920955,0.145404380244,0.145611142739,0.000206762495429,0.000206762495429,0.00114813751818,11,-0.6,-0.4,true
1160,258.441774138,49,47.6654623598,0.160410205737,0.169775463714,0.00936525797701,0.00936525797701,0.00178049661841,11,-0.6,-0.4,true
1160,258.441774138,50,48.3309802045,0.176477037445,0.192586621693,0.0161095842476,0.0161095842476,0.00174809434385,11,-0.6,-0.4,true
1160,258.441774138,51,48.9959317502,0.190346874017,0.214237446158,0.0238905721417,0.0238905721417,0.00183764777074,11,-0.6,-0.4,true
1160,258.441774138,52,49.6602026014,0.204040045669,0.234870544502,0.0308304988326,0.0308304988326,0.00170303467385,11,-0.6,-0.4,true
1160,258.441774138,53,50.3236777414,0.21882686697,0.25459811503,0.0357712480599,0.0357712480599,0.0018313258815,11,-0.6,-0.4,true
1160,258.441774138,54,50.9862414289,0.226069520524,0.273512031227,0.0474425107032,0.0474425107032,0.00182991597016,11,-0.6,-0.4,false
1160,258.441774138,55,51.6477770928,0.237758187583,0.291689569302,0.0539313817186,0.0539313817186,0.00257610805672,11,-0.6,-0.4,false
1160,258.441774138,56,52.3081672277,0.247296030961,0.309196953539,0.0619009225781,0.0619009225781,0.00178315771039,11,-0.6,-0.4,false
1160,258.441774138,57,52.9672932881,0.257964009783,0.32609170761,0.0681276978277,0.0681276978277,0.00243858082985,11,-0.6,-0.4,false
1160,258.441774138,58,53.6250355825,0.266948310031,0.342424303227,0.075475993196,0.075475993196,0.00220188980914,11,-0.6,-0.4,false
1160,258.441774138,59,54.2812731675,0.272755559312,0.358239369093,0.0854838097809,0.0854838097809,0.00189109368059,11,-0.6,-0.4,false
1160,258.441774138,60,54.9358837405,0.272620954217,0.373576609869,0.100955655652,0.100955655652,0.00224177964215,11,-0.6,-0.4,false
1170,256.232870085,35,38.3522229072,0.0160267253977,0.0283242637985,0.0122975384008,0.0122975384008,0.00104702008844,11,-0.6,-0.4,false
1170,256.232870085,36,39.0137585711,0.0141386251072,0.0272745247133,0.0131358996061,0.0131358996061,0.000876734869472,11,-0.6,-0.4,false
1170,256.232870085,37,39.6763222586,0.0133421105244,0.0259580212255,0.0126159107011,0.0126159107011,0.00101827944113,11,-0.6,-0.4,false
1170,256.232870085,38,40.3397973986,0.0104705818444,0.0243132691922,0.0138426873478,0.0138426873478,0.00182793682923,11,-0.6,-0.4,false
1170,256.232870085,39,41.0040682498,0.00839142534077,0.0222605588162,0.0138691334754,0.0138691334754,0.00116808114346,11,-0.6,-0.4,false
1170,256.232870085,40,41.6690197955,0.00730368428416,0.0196942095123,0.0123905252281,0.0123905252281,0.000988450052923,11,-0.6,-0.4,false
1170,256.232870085,41,42.3345376402,0.0051499224024,0.0164710462034,0.011321123801,0.011321123801,0.0019700805871,11,-0.6,-0.4,false
1170,256.232870085,42,43.0005079045,0.00455877313044,0.0123971473956,0.00783837426511,0.00783837426511,0.00121756413748,11,-0.6,-0.4,true
1170,256.232870085,43,43.6668171225,0.0112060588151,0.00726090649041,-0.00394515232473,0.00394515232473,0.000984760247289,11,-0.6,-0.4,true
1170,256.232870085,44,44.3333521377,0.0494133282995,0.00308825694634,-0.0463250713531,0.0463250713531,0.00148489885909,11,-0.6,-0.4,true
1170,256.232870085,45,45,0.0713237062831,0.0412204105542,-0.0301032957289,0.0301032957289,0.00194633987406,11,-0.6,-0.4,true
1170,256.232870085,46,45.6666478623,0.0869400456333,0.0694620738838,-0.0174779717495,0.0174779717495,0.00156389263577,11,-0.6,-0.4,true
1170,256.232870085,47,46.3331828775,0.106000863645,0.0954016743289,-0.0105991893158,0.0105991893158,0.00179367182926,11,-0.6,-0.4,true
1170,256.232870085,48,46.9994920955,0.122493847049,0.119796695179,-0.00269715186946,0.00269715186946,0.00116190927756,11,-0.6,-0.4,true
1170,256.232870085,49,47.6654623598,0.134847984539,0.142951464026,0.00810347948677,0.00810347948677,0.00263913777377,11,-0.6,-0.4,true
1170,256.232870085,50,48.3309802045,0.152732163142,0.165041599602,0.0123094364593,0.0123094364593,0.00216670555521,11,-0.6,-0.4,true
1170,256.232870085,51,48.9959317502,0.166983920016,0.186189212192,0.019205292176,0.019205292176,0.000974883164234,11,-0.6,-0.4,true
1170,256.232870085,52,49.6602026014,0.183146249551,0.206488574785,0.0233423252335,0.0233423252335,0.00189802017219,11,-0.6,-0.4,true
1170,256.232870085,53,50.3236777414,0.195262340888,0.226017015918,0.0307546750292,0.0307546750292,0.00225818062541,11,-0.6,-0.4,true
1170,256.232870085,54,50.9862414289,0.203229199043,0.244840300803,0.04161110176,0.04161110176,0.00227960736524,11,-0.6,-0.4,false
1170,256.232870085,55,51.6477770928,0.217155562584,0.26301562618,0.0458600635953,0.0458600635953,0.00144514992817,11,-0.6,-0.4,false
1170,256.232870085,56,52.3081672277,0.226163308032,0.280593459734,0.0544301517018,0.0544301517018,0.00130394998735,11,-0.6,-0.4,false
1170,256.232870085,57,52.9672932881,0.241704774732,0.297618766666,0.0559139919338,0.0559139919338,0.00339462310909,11,-0.6,-0.4,false
1170,256.232870085,58,53.6250355825,0.245196183851,0.314131884532,0.068935700681,0.068935700681,0.00165744590645,11,-0.6,-0.4,false
1170,256.232870085,59,54.2812731675,0.250976482582,0.330169181573,0.0791926989912,0.0791926989912,0.00175636351136,11,-0.6,-0.4,false
1170,256.232870085,60,54.9358837405,0.250995514386,0.345763573054,0.0947680586671,0.0947680586671,0.0019937244628,11,-0.6,-0.4,false
1180,254.061405085,35,38.3522229072,0.0195682131332,0.0359980067864,0.0164297936532,0.0164297936532,0.00114748155354,11,-0.6,-0.4,false
1180,254.061405085,36,39.0137585711,0.017690203937,0.0350516779456,0.0173614740086,0.0173614740086,0.00124981573241,11,-0.6,-0.4,false
1180,254.061405085,37,39.6763222586,0.0166693227586,0.0338007158512,0.0171313930926,0.0171313930926,0.00134844261425,11,-0.6,-0.4,false
1180,254.061405085,38,40.3397973986,0.0145588200919,0.0321676007178,0.0176087806259,0.0176087806259,0.00135880006829,11,-0.6,-0.4,false
1180,254.061405085,39,41.0040682498,0.0124900289191,0.0300474381623,0.0175574092432,0.0175574092432,0.00159552872987,11,-0.6,-0.4,false
1180,254.061405085,40,41.6690197955,0.0109142399357,0.0272921627764,0.0163779228406,0.0163779228406,0.000780449343527,11,-0.6,-0.4,false
1180,254.061405085,41,42.3345376402,0.00735459473323,0.0236799231534,0.0163253284201,0.0163253284201,0.00122149207299,11,-0.6,-0.4,false
1180,254.061405085,42,43.0005079045,0.00563257361901,0.0188466344798,0.0132140608608,0.0132140608608,0.00124046662732,11,-0.6,-0.4,true
1180,254.061405085,43,43.6668171225,0.00817562474405,0.0120912274452,0.00391560270116,0.00391560270116,0.00139428870478,11,-0.6,-0.4,true
1180,254.061405085,44,44.3333521377,0.0339759644762,0.00143397216578,-0.0325419923104,0.0325419923104,0.00141638361368,11,-0.6,-0.4,true
1180,254.061405085,45,45,0.0500007716487,0.0263770955148,-0.0236236761338,0.0236236761338,0.00107990467624,11,-0.6,-0.4,true
1180,254.061405085,46,45.6666478623,0.066415496682,0.0505892358746,-0.0158262608074,0.0158262608074,0.00131555961642,11,-0.6,-0.4,true
1180,254.061405085,47,46.3331828775,0.0839968440782,0.0738223492317,-0.0101744948465,0.0101744948465,0.00134770453415,11,-0.6,-0.4,true
1180,254.061405085,48,46.9994920955,0.100622695288,0.0962386636882,-0.00438403160006,0.00438403160006,0.00116658698536,11,-0.6,-0.4,true
1180,254.061405085,49,47.6654623598,0.114081652774,0.117900590151,0.00381893737686,0.00381893737686,0.00183907222826,11,-0.6,-0.4,true
1180,254.061405085,50,48.3309802045,0.128734352832,0.138851786222,0.0101174333894,0.0101174333894,0.00100132776292,11,-0.6,-0.4,true
1180,254.061405085,51,48.9959317502,0.142871509479,0.159131137486,0.016259628007,0.016259628007,0.0015736919299,11,-0.6,-0.4,true
1180,254.061405085,52,49.6602026014,0.157113530198,0.178775742546,0.0216622123482,0.0216622123482,0.00224450954534,11,-0.6,-0.4,true
1180,254.061405085,53,50.3236777414,0.169662281394,0.197821417643,0.0281591362491,0.0281591362491,0.00102886370203,11,-0.6,-0.4,true
1180,254.061405085,54,50.9862414289,0.179341684888,0.216302617045,0.0369609321568,0.0369609321568,0.00133082280595,11,-0.6,-0.4,false
1180,254.061405085,55,51.6477770928,0.191003126788,0.234252262387,0.043249135599,0.043249135599,0.00189600589331,11,-0.6,-0.4,false
1180,254.061405085,56,52.3081672277,0.203365049839,0.251701608693,0.0483365588544,0.0483365588544,0.00196887476988,11,-0.6,-0.4,false
1180,254.061405085,57,52.9672932881,0.219087084791,0.268680170245,0.0495930854541,0.0495930854541,0.00213242069393,11,-0.6,-0.4,false
1180,254.061405085,58,53.6250355825,0.222111221968,0.285215699906,0.0631044779381,0.0631044779381,0.002421087783,11,-0.6,-0.4,false
1180,254.061405085,59,54.2812731675,0.230996026699,0.301334209113,0.0703381824141,0.0703381824141,0.00138003466163,11,-0.6,-0.4,false
1180,254.061405085,60,54.9358837405,0.232637007561,0.317060016282,0.0844230087206,0.0844230087206,0.00166876766294,11,-0.6,-0.4,false
1190,251.926435294,35,38.3522229072,0.0238834896973,0.044524707088,0.0206412173908,0.0206412173908,0.000866100005819,11,-0.6,-0.4,false
1190,251.926435294,36,39.0137585711,0.0219109198106,0.0437423981195,0.0218314783089,0.0218314783089,0.000781003158537,11,-0.6,-0.4,false
1190,251.926435294,37,39.6763222586,0.0202377469256,0.042633606378,0.0223958594524,0.0223958594524,0.00120728175479,11,-0.6,-0.4,false
1190,251.926435294,38,40.3397973986,0.018784983013,0.0411109128569,0.0223259298439,0.0223259298439,0.00137389489864,11,-0.6,-0.4,false
1190,251.926435294,39,41.0040682498,0.0159139206317,0.0390537442793,0.0231398236475,0.0231398236475,0.00121036512283,11,-0.6,-0.4,false
1190,251.926435294,40,41.6690197955,0.0142560896577,0.0362873970991,0.0220313074414,0.0220313074414,0.00114092917683,11,-0.6,-0.4,false
1190,251.926435294,41,42.3345376402,0.0110444456094,0.0325400590587,0.0214956134493,0.0214956134493,0.000832988330448,11,-0.6,-0.4,false
1190,251.926435294,42,43.0005079045,0.00846906060038,0.0273383648866,0.0188693042862,0.0188693042862,0.000722954897692,11,-0.6,-0.4,true
1190,251.926435294,43,43.6668171225,0.00875021988144,0.0196628386693,0.0109126187879,0.0109126187879,0.000822373897866,11,-0.6,-0.4,true
1190,251.926435294,44,44.3333521377,0.0239570150029,0.00485579364151,-0.0191012213614,0.0191012213614,0.00126659063703,11,-0.6,-0.4,true
1190,251.926435294,45,45,0.0355644791374,0.0162342216684,-0.0193302574689,0.0193302574689,0.00127338687111,11,-0.6,-0.4,true
1190,251.926435294,46,45.6666478623,0.0484880749174,0.0355977170892,-0.0128903578282,0.0128903578282,0.000931893094839,11,-0.6,-0.4,true
1190,251.926435294,47,46.3331828775,0.0643929927528,0.0554656080253,-0.00892738472749,0.00892738472749,0.000845835962851,11,-0.6,-0.4,true
1190,251.926435294,48,46.9994920955,0.0784552271425,0.0753420553137,-0.00311317182876,0.00311317182876,0.00129285406638,11,-0.6,-0.4,true
1190,251.926435294,49,47.6654623598,0.0928379006251,0.0950217953867,0.00218389476163,0.00218389476163,0.00125842426625,11,-0.6,-0.4,true
1190,251.926435294,50,48.3309802045,0.10750434182,0.11440209489,0.00689775307026,0.00689775307026,0.00106902717007,11,-0.6,-0.4,true
1190,251.926435294,51,48.9959317502,0.120648006569,0.133429094003,0.0127810874346,0.0127810874346,0.0017799110427,11,-0.6,-0.4,true
1190,251.926435294,52,49.6602026014,0.136835558688,0.152075788967,0.0152402302797,0.0152402302797,0.00162480279632,11,-0.6,-0.4,true
1190,251.926435294,53,50.3236777414,0.146639858158,0.1703311206,0.0236912624418,0.0236912624418,0.0029452860885,11,-0.6,-0.4,true
1190,251.926435294,54,50.9862414289,0.156634621679,0.188193908921,0.0315592872417,0.0315592872417,0.00164015928898,11,-0.6,-0.4,false
1190,251.926435294,55,51.6477770928,0.168800072884,0.205669218821,0.036869145937,0.036869145937,0.00126709956581,11,-0.6,-0.4,false
1190,251.926435294,56,52.3081672277,0.178177909686,0.222766068473,0.0445881587876,0.0445881587876,0.00134972473577,11,-0.6,-0.4,false
1190,251.926435294,57,52.9672932881,0.189436713629,0.239495932582,0.0500592189525,0.0500592189525,0.00143836683399,11,-0.6,-0.4,false
1190,251.926435294,58,53.6250355825,0.197165936045,0.255871740866,0.0587058048212,0.0587058048212,0.00131612291884,11,-0.6,-0.4,false
1190,251.926435294,59,54.2812731675,0.208000494035,0.271907197229,0.0639067031945,0.0639067031945,0.00198271006317,11,-0.6,-0.4,false
1190,251.926435294,60,54.9358837405,0.205636355516,0.287616312751,0.0819799572348,0.0819799572348,0.00174417641891,11,-0.6,-0.4,false
1200,249.827048333,35,38.3522229072,0.0287687884421,0.0536899074584,0.0249211190163,0.0249211190163,0.00120580986057,11,-0.6,-0.4,false
1200,249.827048333,36,39.0137585711,0.0274277796418,0.0531338765126,0.0257060968709,0.0257060968709,0.000806116321955,11,-0.6,-0.4,false
1200,249.827048333,37,39.6763222586,0.025866592301,0.0522468075997,0.0263802152987,0.0263802152987,0.000813122368369,11,-0.6,-0.4,false
1200,249.827048333,38,40.3397973986,0.0245281268632,0.0509376534464,0.0264095265833,0.0264095265833,0.000978921646471,11,-0.6,-0.4,false
1200,249.827048333,39,41.0040682498,0.0212751351603,0.0490797924879,0.0278046573276,0.0278046573276,0.000959555863429,11,-0.6,-0.4,false
1200,249.827048333,40,41.6690197955,0.0195950173708,0.0464877032551,0.0268926858843,0.0268926858843,0.00146010257786,11,-0.6,-0.4,false
1200,249.827048333,41,42.3345376402,0.0164207194341,0.042868220897,0.0264475014629,0.0264475014629,0.00106846655619,11,-0.6,-0.4,false
1200,249.827048333,42,43.0005079045,0.0126556844798,0.0376988279999,0.0250431435201,0.0250431435201,0.000529533395,11,-0.6,-0.4,true
1200,249.827048333,43,43.6668171225,0.0132946849083,0.0298089497601,0.0165142648518,0.0165142648518,0.000854536862482,11,-0.6,-0.4,true
1200,249.827048333,44,44.3333521377,0.0177459589552,0.0131431231593,-0.00460283579596,0.00460283579596,0.000952747776793,11,-0.6,-0.4,true
1200,249.827048333,45,45,0.0226300275295,0.0109496927104,-0.0116803348191,0.0116803348191,0.00120246534682,11,-0.6,-0.4,true
1200,249.827048333,46,45.6666478623,0.0331579180023,0.0247658174161,-0.0083921005862,0.0083921005862,0.00124113967899,11,-0.6,-0.4,true
1200,249.827048333,47,46.3331828775,0.0449108146793,0.0406713397071,-0.00423947497223,0.00423947497223,0.000918310537607,11,-0.6,-0.4,true
1200,249.827048333,48,46.9994920955,0.0589300532111,0.0574784088882,-0.00145164432294,0.00145164432294,0.000942280482312,11,-0.6,-0.4,true
1200,249.827048333,49,47.6654623598,0.0706899256853,0.0747000452604,0.00401011957507,0.00401011957507,0.000723555107819,11,-0.6,-0.4,true
1200,249.827048333,50,48.3309802045,0.0841153261448,0.0920789618889,0.00796363574405,0.00796363574405,0.00120259967554,11,-0.6,-0.4,true
1200,249.827048333,51,48.9959317502,0.0972345608851,0.109462860995,0.0122283001098,0.0122283001098,0.00112710337544,11,-0.6,-0.4,true
1200,249.827048333,52,49.6602026014,0.10902889432,0.126756231036,0.0177273367159,0.0177273367159,0.00192493833913,11,-0.6,-0.4,true
1200,249.827048333,53,50.3236777414,0.123186893684,0.143897516953,0.0207106232685,0.0207106232685,0.00136764100027,11,-0.6,-0.4,true
1200,249.827048333,54,50.9862414289,0.131942658094,0.160846822985,0.0289041648908,0.0289041648908,0.0014290386438,11,-0.6,-0.4,false
1200,249.827048333,55,51.6477770928,0.142643325939,0.177578679078,0.0349353531395,0.0349353531395,0.00132594554782,11,-0.6,-0.4,false
1200,249.827048333,56,52.3081672277,0.154393579794,0.194077508856,0.0396839290618,0.0396839290618,0.0007958384706,11,-0.6,-0.4,false
1200,249.827048333,57,52.9672932881,0.166666166806,0.210334654888,0.0436684880819,0.0436684880819,0.00146044103517,11,-0.6,-0.4,false
1200,249.827048333,58,53.6250355825,0.17326279189,0.226346356384,0.0530835644943,0.0530835644943,0.00114090201311,11,-0.6,-0.4,false
1200,249.827048333,59,54.2812731675,0.182895507114,0.24211233693,0.0592168298161,0.0592168298161,0.00116118912424,11,-0.6,-0.4,false
1200,249.827048333,60,54.9358837405,0.184526070941,0.257634797535,0.0731087265944,0.0731087265944,0.00138736009725,11,-0.6,-0.4,false
1210,247.762361983,35,38.3522229072,0.0337539095461,0.0632187194249,0.0294648098788,0.0294648098788,0.00117077275807,11,-0.6,-0.4,false
1210,247.762361983,36,39.0137585711,0.032962754616,0.0629518589916,0.0299891043756,0.0299891043756,0.000983431970993,11,-0.6,-0.4,false
1210,247.762361983,37,39.6763222586,0.0320586777098,0.0623673480691,0.0303086703594,0.0303086703594,0.00148503071136,11,-0.6,-0.4,false
1210,247.762361983,38,40.3397973986,0.0294697644716,0.0613766886957,0.0319069242242,0.0319069242242,0.000657861485793,11,-0.6,-0.4,false
1210,247.762361983,39,41.0040682498,0.0283269531619,0.059856635161,0.031529681999,0.031529681999,0.00108557786296,11,-0.6,-0.4,false
1210,247.762361983,40,41.6690197955,0.0252811150752,0.0576262276468,0.0323451125716,0.0323451125716,0.00113735703731,11,-0.6,-0.4,false
1210,247.762361983,41,42.3345376402,0.0221777522638,0.0543985746714,0.0322208224076,0.0322208224076,0.000839431513096,11,-0.6,-0.4,false
1210,247.762361983,42,43.0005079045,0.0197410308812,0.049659660521,0.0299186296398,0.0299186296398,0.00106055689395,11,-0.6,-0.4,true
1210,247.762361983,43,43.6668171225,0.0191656587446,0.0422469557388,0.0230812969943,0.0230812969943,0.000992087944739,11,-0.6,-0.4,true
1210,247.762361983,44,44.3333521377,0.0144349682513,0.0259109405424,0.0114759722912,0.0114759722912,0.00139955641644,11,-0.6,-0.4,true
1210,247.762361983,45,45,0.0146424766272,0.0105386588672,-0.00410381776008,0.00410381776008,0.00109975878851,11,-0.6,-0.4,true
1210,247.762361983,46,45.6666478623,0.0209494697834,0.0182660455455,-0.00268342423798,0.00268342423798,0.00124865439313,11,-0.6,-0.4,true
1210,247.762361983,47,46.3331828775,0.030221423781,0.0297034752875,-0.000517948493492,0.000517948493492,0.00116203771398,11,-0.6,-0.4,true
1210,247.762361983,48,46.9994920955,0.0411136691955,0.0429680662611,0.00185439706563,0.00185439706563,0.00094876689297,11,-0.6,-0.4,true
1210,247.762361983,49,47.6654623598,0.0524011750372,0.0572898447401,0.00488866970291,0.00488866970291,0.00141142879719,11,-0.6,-0.4,true
1210,247.762361983,50,48.3309802045,0.0638407490589,0.0722557765718,0.00841502751295,0.00841502751295,0.00103075811629,11,-0.6,-0.4,true
1210,247.762361983,51,48.9959317502,0.0755052815762,0.0876137897805,0.0121085082043,0.0121085082043,0.00111728544601,11,-0.6,-0.4,true
1210,247.762361983,52,49.6602026014,0.0881282593572,0.103198402703,0.0150701433458,0.0150701433458,0.000774387285218,11,-0.6,-0.4,true
1210,247.762361983,53,50.3236777414,0.0992531615057,0.118896031621,0.0196428701152,0.0196428701152,0.000952475550369,11,-0.6,-0.4,true
1210,247.762361983,54,50.9862414289,0.109285170119,0.134626513153,0.0253413430332,0.0253413430332,0.000743015778693,11,-0.6,-0.4,false
1210,247.762361983,55,51.6477770928,0.120585022172,0.150332310408,0.0297472882356,0.0297472882356,0.00140781021199,11,-0.6,-0.4,false
1210,247.762361983,56,52.3081672277,0.130217792111,0.165971767632,0.0357539755206,0.0357539755206,0.00103718748967,11,-0.6,-0.4,false
1210,247.762361983,57,52.9672932881,0.14160445802,0.181514675071,0.0399102170511,0.0399102170511,0.00191769024195,11,-0.6,-0.4,false
1210,247.762361983,58,53.6250355825,0.150754031539,0.196939236324,0.0461852047854,0.0461852047854,0.00115884152925,11,-0.6,-0.4,false
1210,247.762361983,59,54.2812731675,0.157169666229,0.21222992994,0.0550602637111,0.0550602637111,0.00185592289823,11,-0.6,-0.4,false
1210,247.762361983,60,54.9358837405,0.159965529751,0.22737596419,0.067410434439,0.067410434439,0.00128094146725,11,-0.6,-0.4,false
1220,245.731522951,35,38.3522229072,0.0393616294566,0.072805164214,0.0334435347574,0.0334435347574,0.000947517949718,11,-0.6,-0.4,false
1220,245.731522951,36,39.0137585711,0.0384567852912,0.0728891636444,0.0344323783532,0.0344323783532,0.000771580172126,11,-0.6,-0.4,false
1220,245.731522951,37,39.6763222586,0.0380418438436,0.0726867768854,0.0346449330418,0.0346449330418,0.00158192500581,11,-0.6,-0.4,false
1220,245.731522951,38,40.3397973986,0.0364117739878,0.0721179411754,0.0357061671876,0.0357061671876,0.00103733864457,11,-0.6,-0.4,false
1220,245.731522951,39,41.0040682498,0.034455363151,0.0710717225055,0.0366163593546,0.0366163593546,0.000924398256338,11,-0.6,-0.4,false
1220,245.731522951,40,41.6690197955,0.0331753567934,0.0693862342288,0.0362108774353,0.0362108774353,0.00117471344269,11,-0.6,-0.4,false
1220,245.731522951,41,42.3345376402,0.0305856008043,0.0668067917626,0.0362211909583,0.0362211909583,0.000876737772811,11,-0.6,-0.4,false
1220,245.731522951,42,43.0005079045,0.0288328377877,0.0628817018144,0.0340488640267,0.0340488640267,0.000964395593996,11,-0.6,-0.4,true
1220,245.731522951,43,43.6668171225,0.0279290022189,0.0566040870286,0.0286750848097,0.0286750848097,0.00111823497856,11,-0.6,-0.4,true
1220,245.731522951,44,44.3333521377,0.0176842880363,0.0426367178366,0.0249524298003,0.0249524298003,0.00121223612988,11,-0.6,-0.4,true
1220,245.731522951,45,45,0.0105807806522,0.014875789709,0.00429500905685,0.00429500905685,0.00134050620051,11,-0.6,-0.4,true
1220,245.731522951,46,45.6666478623,0.0125036857841,0.01615616836,0.00365248257588,0.00365248257588,0.00103259611184,11,-0.6,-0.4,true
1220,245.731522951,47,46.3331828775,0.0194331408281,0.0227358899577,0.00330274912961,0.00330274912961,0.000804120357103,11,-0.6,-0.4,true
1220,245.731522951,48,46.9994920955,0.0275528399344,0.0320639374712,0.00451109753682,0.00451109753682,0.00109940270091,11,-0.6,-0.4,true
1220,245.731522951,49,47.6654623598,0.0362098845714,0.0430986241292,0.00688873955778,0.00688873955778,0.00119667571603,11,-0.6,-0.4,true
1220,245.731522951,50,48.3309802045,0.0459948686297,0.0552769785928,0.00928210996304,0.00928210996304,0.00121075181063,11,-0.6,-0.4,true
1220,245.731522951,51,48.9959317502,0.0574162627821,0.0682503006171,0.010834037835,0.010834037835,0.000738603171899,11,-0.6,-0.4,true
1220,245.731522951,52,49.6602026014,0.0668376981664,0.0817847798327,0.0149470816663,0.0149470816663,0.00158371547377,11,-0.6,-0.4,true
1220,245.731522951,53,50.3236777414,0.0781861203644,0.0957155288939,0.0175294085295,0.0175294085295,0.000885388939408,11,-0.6,-0.4,true
1220,245.731522951,54,50.9862414289,0.089154882094,0.109922262034,0.0207673799396,0.0207673799396,0.000906895835092,11,-0.6,-0.4,false
1220,245.731522951,55,51.6477770928,0.0973429242129,0.124315148592,0.026972224379,0.026972224379,0.00171518676471,11,-0.6,-0.4,false
1220,245.731522951,56,52.3081672277,0.107781623741,0.138825988676,0.0310443649351,0.0310443649351,0.00132486191833,11,-0.6,-0.4,false
1220,245.731522951,57,52.9672932881,0.117480949901,0.153402407216,0.0359214573143,0.0359214573143,0.00133506172628,11,-0.6,-0.4,false
1220,245.731522951,58,53.6250355825,0.127837108375,0.168003871826,0.0401667634515,0.0401667634515,0.00116938765529,11,-0.6,-0.4,false
1220,245.731522951,59,54.2812731675,0.136321322685,0.182598870004,0.0462775473194,0.0462775473194,0.00113029045564,11,-0.6,-0.4,false
1220,245.731522951,60,54.9358837405,0.138028956645,0.197162854302,0.0591338976571,0.0591338976571,0.000962501910451,11,-0.6,-0.4,false
1230,243.733705691,35,38.3522229072,0.0449513131829,0.0821477613987,0.0371964482158,0.0371964482158,0.000961541403734,11,-0.6,-0.4,false
1230,243.733705691,36,39.0137585711,0.0441464793037,0.0826402872821,0.0384938079784,0.0384938079784,0.00156051107893,11,-0.6,-0.4,false
1230,243.733705691,37,39.6763222586,0.0441900148863,0.0828947831308,0.0387047682445,0.0387047682445,0.000773842301966,11,-0.6,-0.4,false
1230,243.733705691,38,40.3397973986,0.0430938840888,0.082845059814,0.0397511757252,0.0397511757252,0.00114072307436,11,-0.6,-0.4,false
1230,243.733705691,39,41.0040682498,0.0416275545368,0.0824007248678,0.040773170331,0.040773170331,0.00117577637018,11,-0.6,-0.4,false
1230,243.733705691,40,41.6690197955,0.0410480161294,0.081432284248,0.0403842681185,0.0403842681185,0.00159353689038,11,-0.6,-0.4,false
1230,243.733705691,41,42.3345376402,0.039861219915,0.0797409748896,0.0398797549746,0.0398797549746,0.000495811185265,11,-0.6,-0.4,false
1230,243.733705691,42,43.0005079045,0.0387797992252,0.0769864343757,0.0382066351505,0.0382066351505,0.00133726880856,11,-0.6,-0.4,true
1230,243.733705691,43,43.6668171225,0.0403695930057,0.0724511685929,0.0320815755872,0.0320815755872,0.00118837142233,11,-0.6,-0.4,true
1230,243.733705691,44,44.3333521377,0.0249769588593,0.0627057345814,0.0377287757221,0.0377287757221,0.00111209745248,11,-0.6,-0.4,true
1230,243.733705691,45,45,0.0113379000703,0.0237073769317,0.0123694768614,0.0123694768614,0.000724244773403,11,-0.6,-0.4,true
1230,243.733705691,46,45.6666478623,0.00824578428964,0.0183777675419,0.0101319832523,0.0101319832523,0.000717205833461,11,-0.6,-0.4,true
1230,243.733705691,47,46.3331828775,0.011522162837,0.0198434289265,0.00832126608944,0.00832126608944,0.00173318967174,11,-0.6,-0.4,true
1230,243.733705691,48,46.9994920955,0.0170566817633,0.0249382714771,0.00788158971384,0.00788158971384,0.000699568715411,11,-0.6,-0.4,true
1230,243.733705691,49,47.6654623598,0.0230973615937,0.0323713459486,0.00927398435484,0.00927398435484,0.00102523592877,11,-0.6,-0.4,true
1230,243.733705691,50,48.3309802045,0.0312806759896,0.041441923623,0.0101612476334,0.0101612476334,0.00112542728058,11,-0.6,-0.4,true
1230,243.733705691,51,48.9959317502,0.0403591919238,0.0517120025159,0.0113528105921,0.0113528105921,0.00115278995462,11,-0.6,-0.4,true
1230,243.733705691,52,49.6602026014,0.0485994024702,0.0628840566433,0.0142846541731,0.0142846541731,0.000689513593646,11,-0.6,-0.4,true
1230,243.733705691,53,50.3236777414,0.0595063382711,0.0747448390076,0.0152385007365,0.0152385007365,0.00110906360753,11,-0.6,-0.4,true
1230,243.733705691,54,50.9862414289,0.0682072238246,0.0871357978815,0.0189285740569,0.0189285740569,0.00108495699096,11,-0.6,-0.4,false
1230,243.733705691,55,51.6477770928,0.0766758684901,0.0999359311616,0.0232600626715,0.0232600626715,0.00100498496109,11,-0.6,-0.4,false
1230,243.733705691,56,52.3081672277,0.084923294508,0.113051111063,0.0281278165551,0.0281278165551,0.00158636499894,11,-0.6,-0.4,false
1230,243.733705691,57,52.9672932881,0.0952944796912,0.126407060697,0.0311125810057,0.0311125810057,0.000892558602067,11,-0.6,-0.4,false
1230,243.733705691,58,53.6250355825,0.104376801508,0.139944528598,0.0355677270899,0.0355677270899,0.00193822352519,11,-0.6,-0.4,false
1230,243.733705691,59,54.2812731675,0.11202115578,0.153615856524,0.041594700744,0.041594700744,0.00128330256003,11,-0.6,-0.4,false
1230,243.733705691,60,54.9358837405,0.116265818349,0.1673824688,0.051116650451,0.051116650451,0.00142044317262,11,-0.6,-0.4,false
1240,241.76811129,35,38.3522229072,0.0506048168901,0.0909829648784,0.0403781479883,0.0403781479883,0.00131331791592,11,-0.6,-0.4,false
1240,241.76811129,36,39.0137585711,0.0502415241604,0.0919341863665,0.041692662206,0.041692662206,0.000663726289242,11,-0.6,-0.4,false
1240,241.76811129,37,39.6763222586,0.0508338847462,0.0927113919104,0.0418775071642,0.0418775071642,0.000858861538922,11,-0.6,-0.4,false
1240,241.76811129,38,40.3397973986,0.0501965471439,0.0932671458667,0.0430705987228,0.0430705987228,0.00112836734571,11,-0.6,-0.4,false
1240,241.76811129,39,41.0040682498,0.0506983132599,0.0935389682485,0.0428406549886,0.0428406549886,0.00129437880013,11,-0.6,-0.4,false
1240,241.76811129,40,41.6690197955,0.0490938325853,0.0934416619547,0.0443478293693,0.0443478293693,0.00103096527294,11,-0.6,-0.4,false
1240,241.76811129,41,42.3345376402,0.0491183139658,0.0928535286854,0.0437352147196,0.0437352147196,0.000867900351478,11,-0.6,-0.4,false
1240,241.76811129,42,43.0005079045,0.0501031221995,0.0915891028152,0.0414859806157,0.0414859806157,0.00107354934336,11,-0.6,-0.4,true
1240,241.76811129,43,43.6668171225,0.0545055849628,0.0893387128508,0.034833127888,0.034833127888,0.0010940558466,11,-0.6,-0.4,true
1240,241.76811129,44,44.3333521377,0.0376282669944,0.0854581859006,0.0478299189063,0.0478299189063,0.000839479894932,11,-0.6,-0.4,true
1240,241.76811129,45,45,0.0174844669338,0.0366715022533,0.0191870353195,0.0191870353195,0.000838476783394,11,-0.6,-0.4,true
1240,241.76811129,46,45.6666478623,0.0101913256609,0.0247623357929,0.014571010132,0.014571010132,0.000982220326903,11,-0.6,-0.4,true
1240,241.76811129,47,46.3331828775,0.0088843575149,0.0209989716391,0.0121146141242,0.0121146141242,0.00106642664836,11,-0.6,-0.4,true
1240,241.76811129,48,46.9994920955,0.0107015846099,0.0216737376496,0.0109721530397,0.0109721530397,0.000936498218434,11,-0.6,-0.4,true
1240,241.76811129,49,47.6654623598,0.0145473131278,0.0252777310232,0.0107304178954,0.0107304178954,0.00103835715039,11,-0.6,-0.4,true
1240,241.76811129,50,48.3309802045,0.020880580891,0.0309898235702,0.0101092426791,0.0101092426791,0.00126183705343,11,-0.6,-0.4,true
1240,241.76811129,51,48.9959317502,0.0272572411516,0.0382935361297,0.0110362949781,0.0110362949781,0.000878032534281,11,-0.6,-0.4,true
1240,241.76811129,52,49.6602026014,0.0343932371211,0.0468348020581,0.012441564937,0.012441564937,0.000899960771288,11,-0.6,-0.4,true
1240,241.76811129,53,50.3236777414,0.0422975522468,0.0563569283525,0.0140593761058,0.0140593761058,0.000951642684749,11,-0.6,-0.4,true
1240,241.76811129,54,50.9862414289,0.0503590753045,0.0666665157677,0.0163074404633,0.0163074404633,0.00149213797225,11,-0.6,-0.4,false
1240,241.76811129,55,51.6477770928,0.0587112015278,0.0776137778547,0.018902576327,0.018902576327,0.00155375459709,11,-0.6,-0.4,false
1240,241.76811129,56,52.3081672277,0.0670299865812,0.0890803144222,0.022050327841,0.022050327841,0.00103829558365,11,-0.6,-0.4,false
1240,241.76811129,57,52.9672932881,0.0747152007941,0.100971073518,0.0262558727234,0.0262558727234,0.00144530466943,11,-0.6,-0.4,false
1240,241.76811129,58,53.6250355825,0.0841542347586,0.113208824642,0.0290545898835,0.0290545898835,0.00107439540204,11,-0.6,-0.4,false
1240,241.76811129,59,54.2812731675,0.0913811800902,0.125730219047,0.0343490389564,0.0343490389564,0.000974625832888,11,-0.6,-0.4,false
1240,241.76811129,60,54.9358837405,0.0966684087418,0.138482897665,0.041814488923,0.041814488923,0.000878007504985,11,-0.6,-0.4,false
1250,239.8339664,35,38.3522229072,0.0553594102681,0.0991091109982,0.0437497007301,0.0437497007301,0.000984412923306,11,-0.6,-0.4,false
1250,239.8339664,36,39.0137585711,0.0558079114052,0.100558297703,0.0447503862976,0.0447503862976,0.000715360019772,11,-0.6,-0.4,false
1250,239.8339664,37,39.6763222586,0.0561739849736,0.101911178057,0.0457371930839,0.0457371930839,0.00126726053233,11,-0.6,-0.4,false
1250,239.8339664,38,40.3397973986,0.0570492156993,0.103143319553,0.0460941038541,0.0460941038541,0.000953316796303,11,-0.6,-0.4,false
1250,239.8339664,39,41.0040682498,0.0581595113684,0.104226570555,0.0460670591864,0.0460670591864,0.000905036332734,11,-0.6,-0.4,false
1250,239.8339664,40,41.6690197955,0.0574006855449,0.105130384755,0.0477296992101,0.0477296992101,0.000818535312363,11,-0.6,-0.4,false
1250,239.8339664,41,42.3345376402,0.0590054391989,0.105828497129,0.0468230579296,0.0468230579296,0.000928270763261,11,-0.6,-0.4,false
1250,239.8339664,42,43.0005079045,0.0622332367996,0.106328126245,0.0440948894458,0.0440948894458,0.00104293748488,11,-0.6,-0.4,true
1250,239.8339664,43,43.6668171225,0.0701991271486,0.106829916627,0.0366307894788,0.0366307894788,0.000811583071655,11,-0.6,-0.4,true
1250,239.8339664,44,44.3333521377,0.0538402126283,0.110232334153,0.0563921215248,0.0563921215248,0.0011264162171,11,-0.6,-0.4,true
1250,239.8339664,45,45,0.0279880701279,0.0533236416805,0.0253355715526,0.0253355715526,0.000708924014026,11,-0.6,-0.4,true
1250,239.8339664,46,45.6666478623,0.0145962039246,0.0350440500625,0.0204478461379,0.0204478461379,0.00101365850846,11,-0.6,-0.4,true
1250,239.8339664,47,46.3331828775,0.0101346344176,0.0260767709094,0.0159421364918,0.0159421364918,0.000820700670574,11,-0.6,-0.4,true
1250,239.8339664,48,46.9994920955,0.00890718093234,0.0222597122905,0.0133525313581,0.0133525313581,0.00082638823261,11,-0.6,-0.4,true
1250,239.8339664,49,47.6654623598,0.00985072492655,0.0219033428786,0.0120526179521,0.0120526179521,0.000796643296928,11,-0.6,-0.4,true
1250,239.8339664,50,48.3309802045,0.013019362576,0.0240871195212,0.0110677569452,0.0110677569452,0.000664592851353,11,-0.6,-0.4,true
1250,239.8339664,51,48.9959317502,0.0172124113558,0.0282294546447,0.0110170432889,0.0110170432889,0.000985130239073,11,-0.6,-0.4,true
1250,239.8339664,52,49.6602026014,0.0233219210792,0.0339288526703,0.010606931591,0.010606931591,0.000859581097592,11,-0.6,-0.4,true
1250,239.8339664,53,50.3236777414,0.0297811147998,0.040891633039,0.0111105182392,0.0111105182392,0.000982794001454,11,-0.6,-0.4,true
1250,239.8339664,54,50.9862414289,0.0362391278083,0.048894234719,0.0126551069108,0.0126551069108,0.00090180820856,11,-0.6,-0.4,false
1250,239.8339664,55,51.6477770928,0.0439944725935,0.0577615324224,0.013767059829,0.013767059829,0.000982812586643,11,-0.6,-0.4,false
1250,239.8339664,56,52.3081672277,0.0512164830992,0.0673534037633,0.0161369206641,0.0161369206641,0.00140524113784,11,-0.6,-0.4,false
1250,239.8339664,57,52.9672932881,0.058270668651,0.077555911475,0.019285242824,0.019285242824,0.00108979078254,11,-0.6,-0.4,false
1250,239.8339664,58,53.6250355825,0.0666349916435,0.0882752411138,0.0216402494703,0.0216402494703,0.00115789623988,11,-0.6,-0.4,false
1250,239.8339664,59,54.2812731675,0.0733447413056,0.0994333741078,0.0260886328022,0.0260886328022,0.000919467301359,11,-0.6,-0.4,false
1250,239.8339664,60,54.9358837405,0.0774773230033,0.110964903281,0.0334875802774,0.0334875802774,0.0013533696153,11,-0.6,-0.4,false
1260,237.930522222,35,38.3522229072,0.0600146382615,0.106397182075,0.0463825438135,0.0463825438135,0.00116019999844,11,-0.6,-0.4,false
1260,237.930522222,36,39.0137585711,0.0614399400431,0.108370182323,0.0469302422799,0.0469302422799,0.000775109414802,11,-0.6,-0.4,false
1260,237.930522222,37,39.6763222586,0.0619241289584,0.110335937037,0.0484118080783,0.0484118080783,0.001295141543,11,-0.6,-0.4,false
1260,237.930522222,38,40.3397973986,0.0644755909174,0.112296596453,0.0478210055356,0.0478210055356,0.00101295789555,11,-0.6,-0.4,false
1260,237.930522222,39,41.0040682498,0.0654000112156,0.114263747913,0.0488637366975,0.0488637366975,0.000754850512414,11,-0.6,-0.4,false
1260,237.930522222,40,41.6690197955,0.0672464509054,0.116270234898,0.0490237839929,0.0490237839929,0.000797065316047,11,-0.6,-0.4,false
1260,237.930522222,41,42.3345376402,0.0689598793624,0.118400736527,0.0494408571647,0.0494408571647,0.000787171870786,11,-0.6,-0.4,false
1260,237.930522222,42,43.0005079045,0.0740252381114,0.120887064216,0.0468618261042,0.0468618261042,0.000556947090596,11,-0.6,-0.4,true
1260,237.930522222,43,43.6668171225,0.0853258805938,0.124526672571,0.0392007919775,0.0392007919775,0.000883932735405,11,-0.6,-0.4,true
1260,237.930522222,44,44.3333521377,0.0730438514797,0.136399720238,0.0633558687581,0.0633558687581,0.0016672348388,11,-0.6,-0.4,true
1260,237.930522222,45,45,0.0410772150825,0.0731647239807,0.0320875088982,0.0320875088982,0.000900135988581,11,-0.6,-0.4,true
1260,237.930522222,46,45.6666478623,0.0245352685105,0.048877641134,0.0243423726235,0.0243423726235,0.000837157027887,11,-0.6,-0.4,true
1260,237.930522222,47,46.3331828775,0.0155903874885,0.0348615936202,0.0192712061318,0.0192712061318,0.000822346447714,11,-0.6,-0.4,true
1260,237.930522222,48,46.9994920955,0.0109496096338,0.0265941088033,0.0156444991695,0.0156444991695,0.00111009663035,11,-0.6,-0.4,true
1260,237.930522222,49,47.6654623598,0.00937385324089,0.022245421355,0.0128715681141,0.0128715681141,0.00134806536308,11,-0.6,-0.4,true
1260,237.930522222,50,48.3309802045,0.0109050682896,0.0208185116242,0.00991344333457,0.00991344333457,0.000898021802265,11,-0.6,-0.4,true
1260,237.930522222,51,48.9959317502,0.0127661288771,0.021681519873,0.00891539099593,0.00891539099593,0.000796579043825,11,-0.6,-0.4,true
1260,237.930522222,52,49.6602026014,0.0166557084054,0.0243958268137,0.00774011840823,0.00774011840823,0.000724287750162,11,-0.6,-0.4,true
1260,237.930522222,53,50.3236777414,0.0210447594785,0.0286382321257,0.00759347264715,0.00759347264715,0.00111557852842,11,-0.6,-0.4,true
1260,237.930522222,54,50.9862414289,0.0260378244706,0.0341605694341,0.00812274496348,0.00812274496348,0.000961573763182,11,-0.6,-0.4,false
1260,237.930522222,55,51.6477770928,0.0311910838894,0.0407665792927,0.00957549540333,0.00957549540333,0.000871273831762,11,-0.6,-0.4,false
1260,237.930522222,56,52.3081672277,0.0381452020281,0.0482976334152,0.0101524313871,0.0101524313871,0.000942638661696,11,-0.6,-0.4,false
1260,237.930522222,57,52.9672932881,0.0444058187314,0.0566233858159,0.0122175670845,0.0122175670845,0.000643520383537,11,-0.6,-0.4,false
1260,237.930522222,58,53.6250355825,0.0517164864362,0.0656353518979,0.0139188654617,0.0139188654617,0.00101978872645,11,-0.6,-0.4,false
1260,237.930522222,59,54.2812731675,0.0575744525121,0.0752423237291,0.017667871217,0.017667871217,0.000690167058344,11,-0.6,-0.4,false
1260,237.930522222,60,54.9358837405,0.0637570995864,0.0853669899646,0.0216098903782,0.0216098903782,0.00147515387904,11,-0.6,-0.4,false
1270,236.057053543,35,38.3522229072,0.065292126344,0.112788946299,0.0474968199551,0.0474968199551,0.000897149112217,11,-0.6,-0.4,false
1270,236.057053543,36,39.0137585711,0.0670050564617,0.115297090307,0.0482920338451,0.0482920338451,0.00107942296799,11,-0.6,-0.4,false
1270,236.057053543,37,39.6763222586,0.0678090287304,0.117895832788,0.0500868040581,0.0500868040581,0.00107999769987,11,-0.6,-0.4,false
1270,236.057053543,38,40.3397973986,0.0708058269071,0.120616801648,0.0498109747411,0.0498109747411,0.000908643805701,11,-0.6,-0.4,false
1270,236.057053543,39,41.0040682498,0.0733835946834,0.123515714892,0.0501321202091,0.0501321202091,0.000983216401398,11,-0.6,-0.4,false
1270,236.057053543,40,41.6690197955,0.0753839380975,0.126695921941,0.0513119838433,0.0513119838433,0.000724709491555,11,-0.6,-0.4,false
1270,236.057053543,41,42.3345376402,0.079369633635,0.130365711538,0.0509960779032,0.0509960779032,0.00129456240112,11,-0.6,-0.4,false
1270,236.057053543,42,43.0005079045,0.0870517815421,0.135007601821,0.0479558202789,0.0479558202789,0.00110193511202,11,-0.6,-0.4,true
1270,236.057053543,43,43.6668171225,0.103759421937,0.142086760432,0.038327338495,0.038327338495,0.000746294158917,11,-0.6,-0.4,true
1270,236.057053543,44,44.3333521377,0.0958477535923,0.163390507528,0.0675427539356,0.0675427539356,0.001090194959,11,-0.6,-0.4,true
1270,236.057053543,45,45,0.0583606327727,0.0956688130277,0.037308180255,0.037308180255,0.000742549464229,11,-0.6,-0.4,true
1270,236.057053543,46,45.6666478623,0.0375424222268,0.06585935464,0.0283169324132,0.0283169324132,0.000678379082209,11,-0.6,-0.4,true
1270,236.057053543,47,46.3331828775,0.0250860471324,0.0470625749679,0.0219765278356,0.0219765278356,0.00107443208113,11,-0.6,-0.4,true
1270,236.057053543,48,46.9994920955,0.0176260040872,0.0344904835794,0.0168644794922,0.0168644794922,0.00123917177251,11,-0.6,-0.4,true
1270,236.057053543,49,47.6654623598,0.0128402276865,0.0262138661006,0.0133736384141,0.0133736384141,0.000571005889102,11,-0.6,-0.4,true
1270,236.057053543,50,48.3309802045,0.0117652624257,0.0211825511002,0.0094172886745,0.0094172886745,0.00045765038428,11,-0.6,-0.4,true
1270,236.057053543,51,48.9959317502,0.0116320459433,0.0187296639734,0.00709761803007,0.00709761803007,0.00105654446946,11,-0.6,-0.4,true
1270,236.057053543,52,49.6602026014,0.0134002846218,0.0183902086216,0.00498992399985,0.00498992399985,0.000992249660223,11,-0.6,-0.4,true
1270,236.057053543,53,50.3236777414,0.0154970648754,0.0198193768684,0.00432231199294,0.00432231199294,0.000877113621987,11,-0.6,-0.4,true
1270,236.057053543,54,50.9862414289,0.0193488473632,0.0227503862466,0.00340153888344,0.00340153888344,0.000973328777977,11,-0.6,-0.4,false
1270,236.057053543,55,51.6477770928,0.0240133906449,0.0269704605487,0.00295706990381,0.00295706990381,0.000937106029849,11,-0.6,-0.4,false
1270,236.057053543,56,52.3081672277,0.0285250382209,0.0323060696294,0.00378103140851,0.00378103140851,0.00101104510834,11,-0.6,-0.4,false
1270,236.057053543,57,52.9672932881,0.0338802453318,0.0386132960443,0.00473305071245,0.00473305071245,0.000940862659067,11,-0.6,-0.4,false
1270,236.057053543,58,53.6250355825,0.0402793104768,0.0457712321342,0.00549192165743,0.00549192165743,0.00106882532045,11,-0.6,-0.4,false
1270,236.057053543,59,54.2812731675,0.0450095431479,0.053677267868,0.00866772472005,0.00866772472005,0.000867845824847,11,-0.6,-0.4,false
1270,236.057053543,60,54.9358837405,0.0507029572889,0.0622436134995,0.0115406562106,0.0115406562106,0.000554088842194,11,-0.6,-0.4,false
1280,234.212857813,35,38.3522229072,0.0691861099575,0.118286054102,0.0490999441442,0.0490999441442,0.000981383866406,11,-0.6,-0.4,false
1280,234.212857813,36,39.0137585711,0.0697852602437,0.121326592754,0.0515413325101,0.0515413325101,0.00189659239237,11,-0.6,-0.4,false
1280,234.212857813,37,39.6763222586,0.0736054449459,0.124561725269,0.0509562803234,0.0509562803234,0.000732638419297,11,-0.6,-0.4,false
1280,234.212857813,38,40.3397973986,0.0766591220029,0.128054773743,0.0513956517402,0.0513956517402,0.000954304996858,11,-0.6,-0.4,false
1280,234.212857813,39,41.0040682498,0.0800313700676,0.131908975861,0.0518776057937,0.0518776057937,0.00087905761506,11,-0.6,-0.4,false
1280,234.212857813,40,41.6690197955,0.0833482635398,0.136303717856,0.0529554543161,0.0529554543161,0.00105282539416,11,-0.6,-0.4,false
1280,234.212857813,41,42.3345376402,0.0896289334918,0.141580805941,0.051951872449,0.051951872449,0.00130361969331,11,-0.6,-0.4,false
1280,234.212857813,42,43.0005079045,0.0995220732624,0.148494011159,0.0489719378968,0.0489719378968,0.000814738112507,11,-0.6,-0.4,true
1280,234.212857813,43,43.6668171225,0.122048528471,0.159232283319,0.0371837548481,0.0371837548481,0.00134013740454,11,-0.6,-0.4,true
1280,234.212857813,44,44.3333521377,0.122391079493,0.190708859055,0.0683177795624,0.0683177795624,0.0010432778386,11,-0.6,-0.4,true
1280,234.212857813,45,45,0.0784624640077,0.120308122431,0.0418456584232,0.0418456584232,0.000946429209872,11,-0.6,-0.4,true
1280,234.212857813,46,45.6666478623,0.0541737351524,0.0855489085958,0.0313751734434,0.0313751734434,0.000857251273523,11,-0.6,-0.4,true
1280,234.212857813,47,46.3331828775,0.0395617507837,0.0623302790366,0.0227685282529,0.0227685282529,0.0010589522878,11,-0.6,-0.4,true
1280,234.212857813,48,46.9994920955,0.0283224358377,0.0456895970123,0.0173671611746,0.0173671611746,0.00104775950135,11,-0.6,-0.4,true
1280,234.212857813,49,47.6654623598,0.0213532058962,0.0336372178148,0.0122840119186,0.0122840119186,0.000959100258561,11,-0.6,-0.4,true
1280,234.212857813,50,48.3309802045,0.0169371609003,0.0250922360828,0.00815507518244,0.00815507518244,0.000666948324758,11,-0.6,-0.4,true
1280,234.212857813,51,48.9959317502,0.0144976484485,0.0193675499172,0.00486990146863,0.00486990146863,0.000720326833628,11,-0.6,-0.4,true
1280,234.212857813,52,49.6602026014,0.0145051145061,0.0159823120722,0.00147719756608,0.00147719756608,0.000549258295593,11,-0.6,-0.4,true
1280,234.212857813,53,50.3236777414,0.0154580804564,0.01457794538,-0.000880135076408,0.000880135076408,0.000749668381087,11,-0.6,-0.4,true
1280,234.212857813,54,50.9862414289,0.0176458359487,0.0148750572405,-0.00277077870819,0.00277077870819,0.000769377876048,11,-0.6,-0.4,false
1280,234.212857813,55,51.6477770928,0.0202986250419,0.0166490427534,-0.00364958228846,0.00364958228846,0.00104010159168,11,-0.6,-0.4,false
1280,234.212857813,56,52.3081672277,0.024407565407,0.0197151761229,-0.00469238928405,0.00469238928405,0.000825728525876,11,-0.6,-0.4,false
1280,234.212857813,57,52.9672932881,0.0286554715058,0.0239189251184,-0.00473654638746,0.00473654638746,0.00083179406185,11,-0.6,-0.4,false
1280,234.212857813,58,53.6250355825,0.0327880122285,0.029129333748,-0.00365867848053,0.00365867848053,0.00074498008269,11,-0.6,-0.4,false
1280,234.212857813,59,54.2812731675,0.0379079194864,0.0352343073634,-0.00267361212302,0.00267361212302,0.00103717968417,11,-0.6,-0.4,false
1280,234.212857813,60,54.9358837405,0.0414349040629,0.0421371329433,0.00070222888042,0.00070222888042,0.00095221015952,11,-0.6,-0.4,false
1290,232.397254264,35,38.3522229072,0.072983812141,0.122934688322,0.0499508761805,0.0499508761805,0.00116377393245,11,-0.6,-0.4,false
1290,232.397254264,36,39.0137585711,0.0754885086245,0.12649249262,0.0510039839955,0.0510039839955,0.00100276122454,11,-0.6,-0.4,false
1290,232.397254264,37,39.6763222586,0.0778539846223,0.130352492558,0.0524985079357,0.0524985079357,0.00124345672444,11,-0.6,-0.4,false
1290,232.397254264,38,40.3397973986,0.082153615053,0.134611267554,0.0524576525005,0.0524576525005,0.000675557045485,11,-0.6,-0.4,false
1290,232.397254264,39,41.0040682498,0.0851936684329,0.139422003428,0.0542283349951,0.0542283349951,0.000848579441461,11,-0.6,-0.4,false
1290,232.397254264,40,41.6690197955,0.0914056220661,0.145044144374,0.0536385223077,0.0536385223077,0.000777984572656,11,-0.6,-0.4,false
1290,232.397254264,41,42.3345376402,0.0977580516484,0.151960312792,0.0542022611433,0.0542022611433,0.00102027387959,11,-0.6,-0.4,false
1290,232.397254264,42,43.0005079045,0.11059947558,0.161210849169,0.0506113735897,0.0506113735897,0.000748276279425,11,-0.6,-0.4,true
1290,232.397254264,43,43.6668171225,0.140457074271,0.175750737367,0.0352936630956,0.0352936630956,0.00103892838701,11,-0.6,-0.4,true
1290,232.397254264,44,44.3333521377,0.148928671025,0.217939544634,0.0690108736092,0.0690108736092,0.00097237423201,11,-0.6,-0.4,true
1290,232.397254264,45,45,0.10098896578,0.146573819577,0.045584853797,0.045584853797,0.000951566729074,11,-0.6,-0.4,true
1290,232.397254264,46,45.6666478623,0.0724699575202,0.107490561514,0.0350206039939,0.0350206039939,0.000643554881183,11,-0.6,-0.4,true
1290,232.397254264,47,46.3331828775,0.0559998909561,0.080275285773,0.0242753948169,0.0242753948169,0.000947390919239,11,-0.6,-0.4,true
1290,232.397254264,48,46.9994920955,0.0398782522524,0.0598742001582,0.0199959479058,0.0199959479058,0.000659527923422,11,-0.6,-0.4,true
1290,232.397254264,49,47.6654623598,0.031361870174,0.0442729632884,0.0129110931144,0.0129110931144,0.000632444242524,11,-0.6,-0.4,true
1290,232.397254264,50,48.3309802045,0.0247287998092,0.0323805184022,0.007651718593,0.007651718593,0.000651404909872,11,-0.6,-0.4,true
1290,232.397254264,51,48.9959317502,0.0209705840169,0.023503195034,0.00253261101708,0.00253261101708,0.00233158423448,11,-0.6,-0.4,true
1290,232.397254264,52,49.6602026014,0.0182820302082,0.0171540911683,-0.0011279390399,0.0011279390399,0.00114444929025,11,-0.6,-0.4,true
1290,232.397254264,53,50.3236777414,0.018604764156,0.0129682152428,-0.0056365489132,0.0056365489132,0.000691387868055,11,-0.6,-0.4,true
1290,232.397254264,54,50.9862414289,0.0200001242636,0.0106592438786,-0.00934088038495,0.00934088038495,0.000613386060217,11,-0.6,-0.4,false
1290,232.397254264,55,51.6477770928,0.0207450560688,0.00999520962492,-0.0107498464439,0.0107498464439,0.00442707741107,11,-0.6,-0.4,false
1290,232.397254264,56,52.3081672277,0.0238107880738,0.0107837463954,-0.0130270416783,0.0130270416783,0.000752342124226,11,-0.6,-0.4,false
1290,232.397254264,57,52.9672932881,0.0265552930819,0.012862562155,-0.0136927309269,0.0136927309269,0.000672370764865,11,-0.6,-0.4,false
1290,232.397254264,58,53.6250355825,0.0305621468737,0.016092960193,-0.0144691866807,0.0144691866807,0.000905697120103,11,-0.6,-0.4,false
1290,232.397254264,59,54.2812731675,0.0340572352972,0.0203552363507,-0.0137019989464,0.0137019989464,0.000961118633936,11,-0.6,-0.4,false
1290,232.397254264,60,54.9358837405,0.0384093123243,0.0255452851168,-0.0128640272075,0.0128640272075,0.00103266380569,11,-0.6,-0.4,false
1300,230.609583077,35,38.3522229072,0.0759468664351,0.126809737771,0.0508628713357,0.0508628713357,0.00101369310661,11,-0.6,-0.4,false
1300,230.609583077,36,39.0137585711,0.0790651854709,0.130859777405,0.051794591934,0.051794591934,0.00114225442475,11,-0.6,-0.4,false
1300,230.609583077,37,39.6763222586,0.0824117339664,0.135320890085,0.0529091561191,0.0529091561191,0.000795804970135,11,-0.6,-0.4,false
1300,230.609583077,38,40.3397973986,0.0862389118126,0.140323864395,0.0540849525827,0.0540849525827,0.00089180902286,11,-0.6,-0.4,false
1300,230.609583077,39,41.0040682498,0.0912047097041,0.146073367022,0.0548686573177,0.0548686573177,0.000773294037456,11,-0.6,-0.4,false
1300,230.609583077,40,41.6690197955,0.0975083151438,0.152911519057,0.0554032039131,0.0554032039131,0.00138806431292,11,-0.6,-0.4,false
1300,230.609583077,41,42.3345376402,0.10534711232,0.161466645985,0.0561195336644,0.0561195336644,0.002225424177,11,-0.6,-0.4,false
1300,230.609583077,42,43.0005079045,0.121445219092,0.17307616711,0.0516309480188,0.0516309480188,0.00100771445656,11,-0.6,-0.4,true
1300,230.609583077,43,43.6668171225,0.153761112226,0.191490736506,0.0377296242803,0.0377296242803,0.00157938092231,11,-0.6,-0.4,true
1300,230.609583077,44,44.3333521377,0.171692528037,0.244747665819,0.0730551377819,0.0730551377819,0.00090658532446,11,-0.6,-0.4,true
1300,230.609583077,45,45,0.12142794298,0.173991858109,0.0525639151293,0.0525639151293,0.000759887108965,11,-0.6,-0.4,true
1300,230.609583077,46,45.6666478623,0.0915076214319,0.131231824148,0.0397242027158,0.0397242027158,0.000890547263089,11,-0.6,-0.4,true
1300,230.609583077,47,46.3331828775,0.0707780583265,0.10048669375,0.0297086354234,0.0297086354234,0.00100241530882,11,-0.6,-0.4,true
1300,230.609583077,48,46.9994920955,0.0555439770113,0.0766856069675,0.0211416299562,0.0211416299562,0.00094803830194,11,-0.6,-0.4,true
1300,230.609583077,49,47.6654623598,0.0427584995711,0.0578210844601,0.015062584889,0.015062584889,0.000665588425392,11,-0.6,-0.4,true
1300,230.609583077,50,48.3309802045,0.034870726929,0.0428101126549,0.00793938572586,0.00793938572586,0.000664832872027,11,-0.6,-0.4,true
1300,230.609583077,51,48.9959317502,0.0303205376096,0.030964575812,0.000644038202464,0.000644038202464,0.000826008677133,11,-0.6,-0.4,true
1300,230.609583077,52,49.6602026014,0.0264239726337,0.0218002567335,-0.00462371590024,0.00462371590024,0.000856262187141,11,-0.6,-0.4,true
1300,230.609583077,53,50.3236777414,0.0246384269285,0.0149523423437,-0.00968608458477,0.00968608458477,0.000718153788984,11,-0.6,-0.4,true
1300,230.609583077,54,50.9862414289,0.0243616267227,0.0101326892112,-0.0142289375116,0.0142289375116,0.000823165215854,11,-0.6,-0.4,false
1300,230.609583077,55,51.6477770928,0.0250682052154,0.00710599664625,-0.0179622085692,0.0179622085692,0.000997241405402,11,-0.6,-0.4,false
1300,230.609583077,56,52.3081672277,0.0274957656407,0.00567546981986,-0.0218202958209,0.0218202958209,0.0011735733909,11,-0.6,-0.4,false
1300,230.609583077,57,52.9672932881,0.0288965144397,0.0056736356469,-0.0232228787928,0.0232228787928,0.000717904963008,11,-0.6,-0.4,false
1300,230.609583077,58,53.6250355825,0.0319406436362,0.00695613854604,-0.0249845050901,0.0249845050901,0.00085625532426,11,-0.6,-0.4,false
1300,230.609583077,59,54.2812731675,0.03563620528,0.00939735286917,-0.0262388524108,0.0262388524108,0.00045481252346,11,-0.6,-0.4,false
1300,230.609583077,60,54.9358837405,0.0384549271145,0.0128871547266,-0.0255677723879,0.0255677723879,0.000791080392009,11,-0.6,-0.4,false
1310,228.84920458,35,38.3522229072,0.0795704905067,0.130001055271,0.0504305647644,0.0504305647644,0.000922808501883,11,-0.6,-0.4,false
1310,228.84920458,36,39.0137585711,0.0820327896295,0.134511156805,0.0524783671756,0.0524783671756,0.00142952270197,11,-0.6,-0.4,false
1310,228.84920458,37,39.6763222586,0.0867967235954,0.139540460119,0.0527437365237,0.0527437365237,0.000650267941799,11,-0.6,-0.4,false
1310,228.84920458,38,40.3397973986,0.089971960652,0.145254360434,0.0552823997823,0.0552823997823,0.000934061121422,11,-0.6,-0.4,false
1310,228.84920458,39,41.0040682498,0.096889906158,0.151909726231,0.0550198200726,0.0550198200726,0.000937025518207,11,-0.6,-0.4,false
1310,228.84920458,40,41.6690197955,0.103935709616,0.159932705549,0.0559969959336,0.0559969959336,0.000869272584687,11,-0.6,-0.4,false
1310,228.84920458,41,42.3345376402,0.113811438826,0.170100036736,0.0562885979094,0.0562885979094,0.00107888048179,11,-0.6,-0.4,false
1310,228.84920458,42,43.0005079045,0.130174186503,0.184052403108,0.0538782166053,0.0538782166053,0.0013904623431,11,-0.6,-0.4,true
1310,228.84920458,43,43.6668171225,0.168245991382,0.206354471001,0.0381084796192,0.0381084796192,0.00112000270294,11,-0.6,-0.4,true
1310,228.84920458,44,44.3333521377,0.196414869821,0.270873563093,0.0744586932718,0.0744586932718,0.00300769776951,11,-0.6,-0.4,true
1310,228.84920458,45,45,0.142643729279,0.202133758223,0.0594900289437,0.0594900289437,0.000784872128871,11,-0.6,-0.4,true
1310,228.84920458,46,45.6666478623,0.110839874365,0.156338866524,0.0454989921597,0.0454989921597,0.000911780827746,11,-0.6,-0.4,true
1310,228.84920458,47,46.3331828775,0.0897879791057,0.122549189262,0.0327612101564,0.0327612101564,0.00117538176838,11,-0.6,-0.4,true
1310,228.84920458,48,46.9994920955,0.0706064382512,0.0957406099205,0.0251341716694,0.0251341716694,0.00108391185654,11,-0.6,-0.4,true
1310,228.84920458,49,47.6654623598,0.0575264027978,0.0739395388961,0.0164131360984,0.0164131360984,0.000677007307114,11,-0.6,-0.4,true
1310,228.84920458,50,48.3309802045,0.0482368125012,0.0560865868355,0.00784977433428,0.00784977433428,0.00083273332919,11,-0.6,-0.4,true
1310,228.84920458,51,48.9959317502,0.0406817495429,0.0415096013483,0.000827851805482,0.000827851805482,0.0011992341535,11,-0.6,-0.4,true
1310,228.84920458,52,49.6602026014,0.0355441310201,0.0297345746185,-0.00580955640151,0.00580955640151,0.000576329868468,11,-0.6,-0.4,true
1310,228.84920458,53,50.3236777414,0.0336122505035,0.0204025570795,-0.013209693424,0.013209693424,0.000542549027902,11,-0.6,-0.4,true
1310,228.84920458,54,50.9862414289,0.0322901817089,0.0132279899422,-0.0190621917667,0.0190621917667,0.000657424802969,11,-0.6,-0.4,false
1310,228.84920458,55,51.6477770928,0.0310033428994,0.00797570183407,-0.0230276410653,0.0230276410653,0.00106799631928,11,-0.6,-0.4,false
1310,228.84920458,56,52.3081672277,0.0324851171276,0.00444721399987,-0.0280379031277,0.0280379031277,0.000677329229313,11,-0.6,-0.4,false
1310,228.84920458,57,52.9672932881,0.0331712378086,0.00247205874452,-0.0306991790641,0.0306991790641,0.000843030906181,11,-0.6,-0.4,false
1310,228.84920458,58,53.6250355825,0.0364315222068,0.00190196833817,-0.0345295538686,0.0345295538686,0.000646613022741,11,-0.6,-0.4,false
1310,228.84920458,59,54.2812731675,0.0397964753402,0.00260679382652,-0.0371896815137,0.0371896815137,0.000879008495129,11,-0.6,-0.4,false
1310,228.84920458,60,54.9358837405,0.0419474948419,0.00447151406484,-0.037475980777,0.037475980777,0.000765427383543,11,-0.6,-0.4,false
1320,227.115498485,35,38.3522229072,0.0802820140034,0.132602936844,0.0523209228402,0.0523209228402,0.00144485127574,11,-0.6,-0.4,false
1320,227.115498485,36,39.0137585711,0.0853115904878,0.137536427233,0.0522248367449,0.0522248367449,0.00125290771505,11,-0.6,-0.4,false
1320,227.115498485,37,39.6763222586,0.0890997215612,0.143094833032,0.0539951114712,0.0539951114712,0.00121614048072,11,-0.6,-0.4,false
1320,227.115498485,38,40.3397973986,0.0944294778365,0.149478067429,0.0550485895925,0.0550485895925,0.00124379003444,11,-0.6,-0.4,false
1320,227.115498485,39,41.0040682498,0.100822148086,0.156995207977,0.0561730598912,0.0561730598912,0.00112069056994,11,-0.6,-0.4,false
1320,227.115498485,40,41.6690197955,0.109107305856,0.166156662723,0.0570493568669,0.0570493568669,0.000848005635678,11,-0.6,-0.4,false
1320,227.115498485,41,42.3345376402,0.12031560705,0.177888375665,0.0575727686148,0.0575727686148,0.000503864738716,11,-0.6,-0.4,false
1320,227.115498485,42,43.0005079045,0.139506484268,0.194136675518,0.0546301912503,0.0546301912503,0.00084788838955,11,-0.6,-0.4,true
1320,227.115498485,43,43.6668171225,0.182625775403,0.220288671997,0.0376628965944,0.0376628965944,0.00127585938398,11,-0.6,-0.4,true
1320,227.115498485,44,44.3333521377,0.221306596637,0.296124796026,0.0748181993892,0.0748181993892,0.00138409161132,11,-0.6,-0.4,true
1320,227.115498485,45,45,0.166982832574,0.230622757823,0.0636399252494,0.0636399252494,0.00127965251879,11,-0.6,-0.4,true
1320,227.115498485,46,45.6666478623,0.133203300249,0.18240818804,0.0492048877911,0.0492048877911,0.000983216629866,11,-0.6,-0.4,true
1320,227.115498485,47,46.3331828775,0.107197281259,0.146057709174,0.0388604279155,0.0388604279155,0.000741905289754,11,-0.6,-0.4,true
1320,227.115498485,48,46.9994920955,0.0887153230616,0.116647472961,0.0279321498999,0.0279321498999,0.00187426312937,11,-0.6,-0.4,true
1320,227.115498485,49,47.6654623598,0.0742834159745,0.0922603176142,0.0179769016396,0.0179769016396,0.00133876392006,11,-0.6,-0.4,true
1320,227.115498485,50,48.3309802045,0.0632646246463,0.0718734654637,0.0086088408174,0.0086088408174,0.000865457762028,11,-0.6,-0.4,true
1320,227.115498485,51,48.9959317502,0.0548410384668,0.054839416365,-1.62210174084e-06,1.62210174084e-06,0.000825632867697,11,-0.6,-0.4,true
1320,227.115498485,52,49.6602026014,0.0493506266045,0.040700656328,-0.00864997027651,0.00864997027651,0.00105904475877,11,-0.6,-0.4,true
1320,227.115498485,53,50.3236777414,0.0442899247401,0.029108836811,-0.0151810879291,0.0151810879291,0.000793144440734,11,-0.6,-0.4,true
1320,227.115498485,54,50.9862414289,0.0422175654014,0.0197846327596,-0.0224329326417,0.0224329326417,0.00120195411531,11,-0.6,-0.4,false
1320,227.115498485,55,51.6477770928,0.0419422354032,0.0124958420835,-0.0294463933196,0.0294463933196,0.000897455766954,11,-0.6,-0.4,false
1320,227.115498485,56,52.3081672277,0.0410078454517,0.00704452093175,-0.0339633245199,0.0339633245199,0.000846695038807,11,-0.6,-0.4,false
1320,227.115498485,57,52.9672932881,0.0436221599761,0.00325894061068,-0.0403632193655,0.0403632193655,0.00144762082145,11,-0.6,-0.4,false
1320,227.115498485,58,53.6250355825,0.044491638426,0.00098827268088,-0.0435033657451,0.0435033657451,0.000959500761654,11,-0.6,-0.4,false
1320,227.115498485,59,54.2812731675,0.0464070109082,9.88945929548e-05,-0.0463081163153,0.0463081163153,0.0010630383713,11,-0.6,-0.4,false
1320,227.115498485,60,54.9358837405,0.0477188446513,0.000471699777992,-0.0472471448733,0.0472471448733,0.000893896084537,11,-0.6,-0.4,false
1330,225.407863158,35,38.3522229072,0.0837233315127,0.134706921164,0.0509835896508,0.0509835896508,0.00112816767321,11,-0.6,-0.4,false
1330,225.407863158,36,39.0137585711,0.0867276297863,0.140024911566,0.0532972817795,0.0532972817795,0.0010560868416,11,-0.6,-0.4,false
1330,225.407863158,37,39.6763222586,0.0924376762468,0.146069820113,0.0536321438661,0.0536321438661,0.000877537181414,11,-0.6,-0.4,false
1330,225.407863158,38,40.3397973986,0.0976298490131,0.153075578107,0.0554457290936,0.0554457290936,0.000905714356159,11,-0.6,-0.4,false
1330,225.407863158,39,41.0040682498,0.105124372803,0.16140287233,0.0562784995268,0.0562784995268,0.00128262460085,11,-0.6,-0.4,false
1330,225.407863158,40,41.6690197955,0.114309058309,0.171645649191,0.0573365908823,0.0573365908823,0.00101597995398,11,-0.6,-0.4,false
1330,225.407863158,41,42.3345376402,0.127015782659,0.184878207147,0.0578624244882,0.0578624244882,0.00112031378034,11,-0.6,-0.4,false
1330,225.407863158,42,43.0005079045,0.149196427487,0.2033516332,0.0541552057134,0.0541552057134,0.000785288115612,11,-0.6,-0.4,true
1330,225.407863158,43,43.6668171225,0.197548981253,0.233275392591,0.0357264113385,0.0357264113385,0.00131240013493,11,-0.6,-0.4,true
1330,225.407863158,44,44.3333521377,0.250579855986,0.320366730438,0.0697868744522,0.0697868744522,0.00248830334928,11,-0.6,-0.4,true
1330,225.407863158,45,45,0.193361364702,0.259136065032,0.0657747003302,0.0657747003302,0.000983525126516,11,-0.6,-0.4,true
1330,225.407863158,46,45.6666478623,0.156597787111,0.209074557536,0.052476770425,0.052476770425,0.00122002795435,11,-0.6,-0.4,true
1330,225.407863158,47,46.3331828775,0.13216822524,0.170629137415,0.0384609121752,0.0384609121752,0.000766190449099,11,-0.6,-0.4,true
1330,225.407863158,48,46.9994920955,0.112388271709,0.139020032394,0.0266317606848,0.0266317606848,0.00224414184894,11,-0.6,-0.4,true
1330,225.407863158,49,47.6654623598,0.0951857455239,0.112404856219,0.0172191106948,0.0172191106948,0.000707228375779,11,-0.6,-0.4,true
1330,225.407863158,50,48.3309802045,0.0819916491034,0.0898080145622,0.00781636545882,0.00781636545882,0.00123414494091,11,-0.6,-0.4,true
1330,225.407863158,51,48.9959317502,0.0715302529348,0.0706137362069,-0.000916516727853,0.000916516727853,0.000585571821648,11,-0.6,-0.4,true
1330,225.407863158,52,49.6602026014,0.0654248602323,0.0543861076858,-0.0110387525464,0.0110387525464,0.000732249292664,11,-0.6,-0.4,true
1330,225.407863158,53,50.3236777414,0.0604918205306,0.0407912034429,-0.0197006170877,0.0197006170877,0.000893370594322,11,-0.6,-0.4,true
1330,225.407863158,54,50.9862414289,0.0543489029331,0.0295588368034,-0.0247900661297,0.0247900661297,0.00101668439157,11,-0.6,-0.4,false
1330,225.407863158,55,51.6477770928,0.0545380948602,0.0204619894263,-0.0340761054339,0.0340761054339,0.000994126504092,11,-0.6,-0.4,false
1330,225.407863158,56,52.3081672277,0.0548635796306,0.0133049331227,-0.0415586465079,0.0415586465079,0.000888298489283,11,-0.6,-0.4,false
1330,225.407863158,57,52.9672932881,0.0542750399924,0.00791594132606,-0.0463590986663,0.0463590986663,0.00100748995155,11,-0.6,-0.4,false
1330,225.407863158,58,53.6250355825,0.0565495025264,0.00414256047564,-0.0524069420508,0.0524069420508,0.00111468428576,11,-0.6,-0.4,false
1330,225.407863158,59,54.2812731675,0.0577709964962,0.00184837412529,-0.0559226223709,0.0559226223709,0.000880350397698,11,-0.6,-0.4,false
1330,225.407863158,60,54.9358837405,0.0583439258226,0.000910671675459,-0.0574332541472,0.0574332541472,0.0012755834542,11,-0.6,-0.4,false
1340,223.725714925,35,38.3522229072,0.0849411544095,0.136397434557,0.0514562801477,0.0514562801477,0.00134183415228,11,-0.6,-0.4,false
1340,223.725714925,36,39.0137585711,0.0886087457627,0.142060636507,0.0534518907442,0.0534518907442,0.00103921572306,11,-0.6,-0.4,false
1340,223.725714925,37,39.6763222586,0.0948924599763,0.148548105232,0.053655645256,0.053655645256,0.000731268350355,11,-0.6,-0.4,false
1340,223.725714925,38,40.3397973986,0.100722221706,0.156126956006,0.0554047343004,0.0554047343004,0.0011738559034,11,-0.6,-0.4,false
1340,223.725714925,39,41.0040682498,0.109143906758,0.165208386563,0.0560644798045,0.0560644798045,0.00113966019931,11,-0.6,-0.4,false
1340,223.725714925,40,41.6690197955,0.117585865032,0.176468369682,0.0588825046502,0.0588825046502,0.00127861387854,11,-0.6,-0.4,false
1340,223.725714925,41,42.3345376402,0.131867898258,0.191127336707,0.0592594384484,0.0592594384484,0.00129046861711,11,-0.6,-0.4,false
1340,223.725714925,42,43.0005079045,0.157486346167,0.211737506783,0.0542511606165,0.0542511606165,0.000944015989134,11,-0.6,-0.4,true
1340,223.725714925,43,43.6668171225,0.208684730479,0.245323448782,0.036638718303,0.036638718303,0.00143552981856,11,-0.6,-0.4,true
1340,223.725714925,44,44.3333521377,0.274584074253,0.343512856926,0.068928782673,0.068928782673,0.00142400304165,11,-0.6,-0.4,true
1340,223.725714925,45,45,0.218494914619,0.28740407451,0.0689091598909,0.0689091598909,0.00123139179805,11,-0.6,-0.4,true
1340,223.725714925,46,45.6666478623,0.179768397052,0.236015552663,0.0562471556114,0.0562471556114,0.00151996998879,11,-0.6,-0.4,true
1340,223.725714925,47,46.3331828775,0.154238191997,0.195910856441,0.0416726644438,0.0416726644438,0.000911371154045,11,-0.6,-0.4,true
1340,223.725714925,48,46.9994920955,0.13128326048,0.162489286897,0.0312060264171,0.0312060264171,0.00133539171769,11,-0.6,-0.4,true
1340,223.725714925,49,47.6654623598,0.113787235318,0.133997829295,0.0202105939774,0.0202105939774,0.00114732198575,11,-0.6,-0.4,true
1340,223.725714925,50,48.3309802045,0.0996470621865,0.109516488142,0.00986942595515,0.00986942595515,0.00104705667962,11,-0.6,-0.4,true
1340,223.725714925,51,48.9959317502,0.0905223729671,0.0884668509702,-0.00205552199689,0.00205552199689,0.00109217474106,11,-0.6,-0.4,true
1340,223.725714925,52,49.6602026014,0.082253982607,0.0704386416003,-0.0118153410067,0.0118153410067,0.00111595708885,11,-0.6,-0.4,true
1340,223.725714925,53,50.3236777414,0.0767835601993,0.0551153339971,-0.0216682262022,0.0216682262022,0.00084573541523,11,-0.6,-0.4,true
1340,223.725714925,54,50.9862414289,0.0739078420799,0.04223808483,-0.0316697572499,0.0316697572499,0.00103002788915,11,-0.6,-0.4,false
1340,223.725714925,55,51.6477770928,0.0705905747379,0.0315866762252,-0.0390038985127,0.0390038985127,0.00116976459014,11,-0.6,-0.4,false
1340,223.725714925,56,52.3081672277,0.068495645694,0.0229687550209,-0.045526890673,0.045526890673,0.000931571701761,11,-0.6,-0.4,false
1340,223.725714925,57,52.9672932881,0.0689558237134,0.0162133993596,-0.0527424243538,0.0527424243538,0.00107016761965,11,-0.6,-0.4,false
1340,223.725714925,58,53.6250355825,0.0701391346334,0.0111670566612,-0.0589720779723,0.0589720779723,0.00104377359701,11,-0.6,-0.4,false
1340,223.725714925,59,54.2812731675,0.0702280866063,0.00769083132336,-0.062537255283,0.062537255283,0.00107776976201,11,-0.6,-0.4,false
1340,223.725714925,60,54.9358837405,0.0708272161464,0.00565856499057,-0.0651686511559,0.0651686511559,0.00130611627264,11,-0.6,-0.4,false
1350,222.068487407,35,38.3522229072,0.086729298815,0.137749598345,0.0510202995302,0.0510202995302,0.00093024594965,11,-0.6,-0.4,false
1350,222.068487407,36,39.0137585711,0.0908603731298,0.143719663727,0.0528592905975,0.0528592905975,0.00101202369832,11,-0.6,-0.4,false
1350,222.068487407,37,39.6763222586,0.0959754362172,0.150606061246,0.0546306250293,0.0546306250293,0.00130036316777,11,-0.6,-0.4,false
1350,222.068487407,38,40.3397973986,0.103802819765,0.158707996116,0.0549051763508,0.0549051763508,0.00130455715782,11,-0.6,-0.4,false
1350,222.068487407,39,41.0040682498,0.112500269705,0.168485685587,0.0559854158815,0.0559854158815,0.000975116639021,11,-0.6,-0.4,false
1350,222.068487407,40,41.6690197955,0.122589189713,0.180694985374,0.0581057956612,0.0581057956612,0.00153249412083,11,-0.6,-0.4,false
1350,222.068487407,41,42.3345376402,0.139196595331,0.19669913108,0.057502535749,0.057502535749,0.00131366317295,11,-0.6,-0.4,false
1350,222.068487407,42,43.0005079045,0.164680890006,0.219345614626,0.0546647246198,0.0546647246198,0.000866294847007,11,-0.6,-0.4,true
1350,222.068487407,43,43.6668171225,0.222488403554,0.256460973182,0.0339725696278,0.0339725696278,0.00150053223649,11,-0.6,-0.4,true
1350,222.068487407,44,44.3333521377,0.301087489169,0.365515584469,0.0644280952995,0.0644280952995,0.00160698764654,11,-0.6,-0.4,true
1350,222.068487407,45,45,0.244124018127,0.315207408242,0.0710833901148,0.0710833901148,0.00121635225242,11,-0.6,-0.4,true
1350,222.068487407,46,45.6666478623,0.202692126302,0.262953224933,0.0602610986307,0.0602610986307,0.00215020020462,11,-0.6,-0.4,true
1350,222.068487407,47,46.3331828775,0.179244556649,0.221586281752,0.0423417251037,0.0423417251037,0.000902023292311,11,-0.6,-0.4,true
1350,222.068487407,48,46.9994920955,0.155105075388,0.186712201349,0.0316071259612,0.0316071259612,0.00273652423204,11,-0.6,-0.4,true
1350,222.068487407,49,47.6654623598,0.13528172067,0.156678675787,0.0213969551174,0.0213969551174,0.00111756194469,11,-0.6,-0.4,true
1350,222.068487407,50,48.3309802045,0.121779613067,0.130627854176,0.00884824110915,0.00884824110915,0.000953986150017,11,-0.6,-0.4,true
1350,222.068487407,51,48.9959317502,0.110014504578,0.108023049218,-0.00199145536015,0.00199145536015,0.00119867928233,11,-0.6,-0.4,true
1350,222.068487407,52,49.6602026014,0.102062589104,0.0884827114764,-0.0135798776276,0.0135798776276,0.00127839511343,11,-0.6,-0.4,true
1350,222.068487407,53,50.3236777414,0.0940440037433,0.0717099293562,-0.0223340743871,0.0223340743871,0.000994231095643,11,-0.6,-0.4,true
1350,222.068487407,54,50.9862414289,0.0903638510417,0.0574587665147,-0.032905084527,0.032905084527,0.00195939255827,11,-0.6,-0.4,false
1350,222.068487407,55,51.6477770928,0.0865274124414,0.0455168663577,-0.0410105460837,0.0410105460837,0.00109141542851,11,-0.6,-0.4,false
1350,222.068487407,56,52.3081672277,0.0847542168881,0.0356959203338,-0.0490582965543,0.0490582965543,0.00133475230966,11,-0.6,-0.4,false
1350,222.068487407,57,52.9672932881,0.0863850418072,0.0278261792254,-0.0585588625818,0.0585588625818,0.000766120269892,11,-0.6,-0.4,false
1350,222.068487407,58,53.6250355825,0.0858270425862,0.0217531314431,-0.0640739111431,0.0640739111431,0.000395825382154,11,-0.6,-0.4,false
1350,222.068487407,59,54.2812731675,0.0867154078651,0.0173353751374,-0.0693800327277,0.0693800327277,0.000873263682482,11,-0.6,-0.4,false
1350,222.068487407,60,54.9358837405,0.0854531433164,0.0144431596768,-0.0710099836396,0.0710099836396,0.00101606260415,11,-0.6,-0.4,false
1360,220.435630882,35,38.3522229072,0.0882426136305,0.138828528919,0.050585915289,0.050585915289,0.000892277632377,11,-0.6,-0.4,false
1360,220.435630882,36,39.0137585711,0.0918106924061,0.145068963825,0.0532582714191,0.0532582714191,0.00115805608594,11,-0.6,-0.4,false
1360,220.435630882,37,39.6763222586,0.097424072233,0.15231214871,0.0548880764767,0.0548880764767,0.00127496897158,11,-0.6,-0.4,false
1360,220.435630882,38,40.3397973986,0.105252315347,0.160888093365,0.0556357780184,0.0556357780184,0.00143763426984,11,-0.6,-0.4,false
1360,220.435630882,39,41.0040682498,0.115394556516,0.171304247426,0.0559096909104,0.0559096909104,0.000939489036313,11,-0.6,-0.4,false
1360,220.435630882,40,41.6690197955,0.124449098003,0.184393722148,0.0599446241455,0.0599446241455,0.00117948070529,11,-0.6,-0.4,false
1360,220.435630882,41,42.3345376402,0.142518337013,0.201658366178,0.0591400291652,0.0591400291652,0.00075957696248,11,-0.6,-0.4,false
1360,220.435630882,42,43.0005079045,0.169650729325,0.226233319956,0.0565825906311,0.0565825906311,0.00212514377314,11,-0.6,-0.4,true
1360,220.435630882,43,43.6668171225,0.229958253795,0.266729248883,0.0367709950879,0.0367709950879,0.00150611901288,11,-0.6,-0.4,true
1360,220.435630882,44,44.3333521377,0.326468780563,0.386357941275,0.0598891607116,0.0598891607116,0.00236176608786,11,-0.6,-0.4,true
1360,220.435630882,45,45,0.265218839706,0.342372552907,0.0771537132005,0.0771537132005,0.0013616725522,11,-0.6,-0.4,true
1360,220.435630882,46,45.6666478623,0.227675526468,0.28965350248,0.0619779760122,0.0619779760122,0.00164450579132,11,-0.6,-0.4,true
1360,220.435630882,47,46.3331828775,0.200424017844,0.247377720424,0.0469537025797,0.0469537025797,0.00226835419035,11,-0.6,-0.4,true
1360,220.435630882,48,46.9994920955,0.177460584281,0.211377741517,0.0339171572355,0.0339171572355,0.00189525957234,11,-0.6,-0.4,true
1360,220.435630882,49,47.6654623598,0.159028012707,0.180110526978,0.0210825142711,0.0210825142711,0.00374139214926,11,-0.6,-0.4,true
1360,220.435630882,50,48.3309802045,0.142687792767,0.152785326177,0.0100975334102,0.0100975334102,0.00134099690734,11,-0.6,-0.4,true
1360,220.435630882,51,48.9959317502,0.129463234774,0.128910458242,-0.000552776531436,0.000552776531436,0.00121946601499,11,-0.6,-0.4,true
1360,220.435630882,52,49.6602026014,0.120181144226,0.10813536271,-0.0120457815158,0.0120457815158,0.0010164207707,11,-0.6,-0.4,true
1360,220.435630882,53,50.3236777414,0.111638980039,0.0901842798399,-0.0214547001987,0.0214547001987,0.00220460130639,11,-0.6,-0.4,true
1360,220.435630882,54,50.9862414289,0.107541899093,0.0748251640622,-0.0327167350303,0.0327167350303,0.00156804032822,11,-0.6,-0.4,false
1360,220.435630882,55,51.6477770928,0.104862155061,0.0618540725791,-0.0430080824824,0.0430080824824,0.00120208484177,11,-0.6,-0.4,false
1360,220.435630882,56,52.3081672277,0.102984157323,0.0510869611157,-0.0518971962071,0.0518971962071,0.00153085323724,11,-0.6,-0.4,false
1360,220.435630882,57,52.9672932881,0.10035299956,0.0423552227601,-0.0579977768004,0.0579977768004,0.000789559813176,11,-0.6,-0.4,false
1360,220.435630882,58,53.6250355825,0.102824687938,0.0355031766511,-0.0673215112871,0.0673215112871,0.00125461442649,11,-0.6,-0.4,false
1360,220.435630882,59,54.2812731675,0.102402967528,0.0303865829058,-0.0720163846218,0.0720163846218,0.000924944527011,11,-0.6,-0.4,false
1360,220.435630882,60,54.9358837405,0.101481788303,0.0268716928344,-0.0746100954684,0.0746100954684,0.00189491018486,11,-0.6,-0.4,false
1370,218.826611679,35,38.3522229072,0.0890484074805,0.139689577138,0.0506411696572,0.0506411696572,0.00158735658163,11,-0.6,-0.4,false
1370,218.826611679,36,39.0137585711,0.0931732035648,0.146166305769,0.0529931022038,0.0529931022038,0.000964917162138,11,-0.6,-0.4,false
1370,218.826611679,37,39.6763222586,0.100178244988,0.153726403558,0.053548158571,0.053548158571,0.0011445674546,11,-0.6,-0.4,false
1370,218.826611679,38,40.3397973986,0.106653367754,0.162729268703,0.056075900949,0.056075900949,0.00114615401801,11,-0.6,-0.4,false
1370,218.826611679,39,41.0040682498,0.117044621234,0.173727587113,0.0566829658797,0.0566829658797,0.00216022218812,11,-0.6,-0.4,false
1370,218.826611679,40,41.6690197955,0.12780045923,0.187628746268,0.0598282870376,0.0598282870376,0.00128050626517,11,-0.6,-0.4,false
1370,218.826611679,41,42.3345376402,0.147831596085,0.206068373798,0.058236777713,0.058236777713,0.00162704695917,11,-0.6,-0.4,false
1370,218.826611679,42,43.0005079045,0.176816250363,0.23246029107,0.0556440407067,0.0556440407067,0.00113036154491,11,-0.6,-0.4,true
1370,218.826611679,43,43.6668171225,0.241938931724,0.276177805905,0.0342388741808,0.0342388741808,0.000556184520882,11,-0.6,-0.4,true
1370,218.826611679,44,44.3333521377,0.345268378169,0.406046383352,0.0607780051823,0.0607780051823,0.00599462437404,11,-0.6,-0.4,true
1370,218.826611679,45,45,0.28839375743,0.36876673261,0.0803729751801,0.0803729751801,0.00164389370768,11,-0.6,-0.4,true
1370,218.826611679,46,45.6666478623,0.253193633109,0.315923942383,0.0627303092745,0.0627303092745,0.00156415950122,11,-0.6,-0.4,true
1370,218.826611679,47,46.3331828775,0.225865545244,0.273047014664,0.0471814694198,0.0471814694198,0.00133400516603,11,-0.6,-0.4,true
1370,218.826611679,48,46.9994920955,0.202224714965,0.236210373925,0.0339856589597,0.0339856589597,0.00189031130158,11,-0.6,-0.4,true
1370,218.826611679,49,47.6654623598,0.182845532433,0.203986494105,0.0211409616723,0.0211409616723,0.00161615731429,11,-0.6,-0.4,true
1370,218.826611679,50,48.3309802045,0.164493458536,0.175655346852,0.0111618883159,0.0111618883159,0.00125753024809,11,-0.6,-0.4,true
1370,218.826611679,51,48.9959317502,0.152357429131,0.150772616806,-0.0015848123252,0.0015848123252,0.00188999567428,11,-0.6,-0.4,true
1370,218.826611679,52,49.6602026014,0.140122706631,0.129020278553,-0.011102428078,0.011102428078,0.000987169943819,11,-0.6,-0.4,true
1370,218.826611679,53,50.3236777414,0.136210573458,0.110144664358,-0.0260659091005,0.0260659091005,0.00114960136404,11,-0.6,-0.4,true
1370,218.826611679,54,50.9862414289,0.128488302956,0.0939280853139,-0.0345602176423,0.0345602176423,0.00135880162977,11,-0.6,-0.4,false
1370,218.826611679,55,51.6477770928,0.126355553185,0.0801751085194,-0.0461804446654,0.0461804446654,0.00153120587778,11,-0.6,-0.4,false
1370,218.826611679,56,52.3081672277,0.124302048,0.0687057710353,-0.0555962769648,0.0555962769648,0.00147459844219,11,-0.6,-0.4,false
1370,218.826611679,57,52.9672932881,0.12371977697,0.0593522260725,-0.0643675508978,0.0643675508978,0.00103486828576,11,-0.6,-0.4,false
1370,218.826611679,58,53.6250355825,0.121726243489,0.0519571107925,-0.0697691326961,0.0697691326961,0.00105200469179,11,-0.6,-0.4,false
1370,218.826611679,59,54.2812731675,0.122191177936,0.0463727612858,-0.0758184166502,0.0758184166502,0.00081776292957,11,-0.6,-0.4,false
1370,218.826611679,60,54.9358837405,0.121972542774,0.042460817384,-0.07951172539,0.07951172539,0.00120613564388,11,-0.6,-0.4,false
1380,217.240911594,35,38.3522229072,0.0885623970792,0.140379096081,0.0518166990021,0.0518166990021,0.00105892972048,11,-0.6,-0.4,false
1380,217.240911594,36,39.0137585711,0.095556755057,0.147060755453,0.0515040003958,0.0515040003958,0.00146469295175,11,-0.6,-0.4,false
1380,217.240911594,37,39.6763222586,0.101122955122,0.154900617337,0.0537776622146,0.0537776622146,0.00096559753613,11,-0.6,-0.4,false
1380,217.240911594,38,40.3397973986,0.108539022139,0.164285972787,0.0557469506481,0.0557469506481,0.00123904271848,11,-0.6,-0.4,false
1380,217.240911594,39,41.0040682498,0.120213379804,0.175812613397,0.0555992335925,0.0555992335925,0.0011483109958,11,-0.6,-0.4,false
1380,217.240911594,40,41.6690197955,0.131424642978,0.190458986077,0.0590343431,0.0590343431,0.0011066451311,11,-0.6,-0.4,false
1380,217.240911594,41,42.3345376402,0.14996405315,0.209989212351,0.060025159201,0.060025159201,0.00124529219384,11,-0.6,-0.4,false
1380,217.240911594,42,43.0005079045,0.18002510946,0.238085853339,0.0580607438786,0.0580607438786,0.00200714738008,11,-0.6,-0.4,true
1380,217.240911594,43,43.6668171225,0.24953982508,0.284860658337,0.035320833257,0.035320833257,0.00152287276802,11,-0.6,-0.4,true
1380,217.240911594,44,44.3333521377,0.371127649161,0.424604753166,0.0534771040051,0.0534771040051,0.00330547352064,11,-0.6,-0.4,true
1380,217.240911594,45,45,0.31276992037,0.394292509389,0.0815225890183,0.0815225890183,0.00128561791833,11,-0.6,-0.4,true
1380,217.240911594,46,45.6666478623,0.277297757722,0.341610387241,0.0643126295188,0.0643126295188,0.0016958217664,11,-0.6,-0.4,true
1380,217.240911594,47,46.3331828775,0.247156775444,0.298394472772,0.0512376973281,0.0512376973281,0.00101112187302,11,-0.6,-0.4,true
1380,217.240911594,48,46.9994920955,0.222660473228,0.260971401685,0.0383109284564,0.0383109284564,0.00174337954453,11,-0.6,-0.4,true
1380,217.240911594,49,47.6654623598,0.202255224094,0.228033492904,0.0257782688094,0.0257782688094,0.00198088004101,11,-0.6,-0.4,true
1380,217.240911594,50,48.3309802045,0.188110633887,0.198933957112,0.0108233232242,0.0108233232242,0.00121453788577,11,-0.6,-0.4,true
1380,217.240911594,51,48.9959317502,0.174700963886,0.173277427528,-0.00142353635777,0.00142353635777,0.00129955262292,11,-0.6,-0.4,true
1380,217.240911594,52,49.6602026014,0.161777062707,0.150779345873,-0.0109977168347,0.0109977168347,0.00174688351741,11,-0.6,-0.4,true
1380,217.240911594,53,50.3236777414,0.154220513333,0.131208556765,-0.0230119565678,0.0230119565678,0.00230523985898,11,-0.6,-0.4,true
1380,217.240911594,54,50.9862414289,0.147134558598,0.114361740059,-0.0327728185385,0.0327728185385,0.00163292108542,11,-0.6,-0.4,false
1380,217.240911594,55,51.6477770928,0.146914990811,0.100051670371,-0.0468633204405,0.0468633204405,0.00111976810875,11,-0.6,-0.4,false
1380,217.240911594,56,52.3081672277,0.144459847483,0.0881019369592,-0.0563579105234,0.0563579105234,0.00101059366427,11,-0.6,-0.4,false
1380,217.240911594,57,52.9672932881,0.14133018483,0.078344776809,-0.0629854080208,0.0629854080208,0.0011729663505,11,-0.6,-0.4,false
1380,217.240911594,58,53.6250355825,0.142248322149,0.0706203903419,-0.0716279318072,0.0716279318072,0.00115801767372,11,-0.6,-0.4,false
1380,217.240911594,59,54.2812731675,0.141127398169,0.0647769129471,-0.0763504852218,0.0763504852218,0.00112952911104,11,-0.6,-0.4,false
1380,217.240911594,60,54.9358837405,0.138765170587,0.0606706182875,-0.0780945522993,0.0780945522993,0.00160414965843,11,-0.6,-0.4,false
1390,215.678027338,35,38.3522229072,0.0902674895668,0.140935455899,0.0506679663324,0.0506679663324,0.00123934380302,11,-0.6,-0.4,false
1390,215.678027338,36,39.0137585711,0.0950939015825,0.14779349479,0.0526995932077,0.0526995932077,0.00111780676885,11,-0.6,-0.4,false
1390,215.678027338,37,39.6763222586,0.101645013352,0.155878917131,0.0542339037791,0.0542339037791,0.000810873329628,11,-0.6,-0.4,false
1390,215.678027338,38,40.3397973986,0.110140786743,0.165605374157,0.055464587414,0.055464587414,0.00140951884112,11,-0.6,-0.4,false
1390,215.678027338,39,41.0040682498,0.121871033095,0.177609560013,0.0557385269177,0.0557385269177,0.000630426345893,11,-0.6,-0.4,false
1390,215.678027338,40,41.6690197955,0.133819004409,0.192937623084,0.0591186186754,0.0591186186754,0.00136442409735,11,-0.6,-0.4,false
1390,215.678027338,41,42.3345376402,0.155127910441,0.213476605655,0.0583486952138,0.0583486952138,0.00106918232207,11,-0.6,-0.4,false
1390,215.678027338,42,43.0005079045,0.188219059285,0.243167210536,0.0549481512507,0.0549481512507,0.00150872245653,11,-0.6,-0.4,true
1390,215.678027338,43,43.6668171225,0.258335554987,0.29283351351,0.0344979585231,0.0344979585231,0.0018352695316,11,-0.6,-0.4,true
1390,215.678027338,44,44.3333521377,0.393264849314,0.44206933251,0.0488044831957,0.0488044831957,0.00246693822161,11,-0.6,-0.4,true
1390,215.678027338,45,45,0.334028142426,0.41888246535,0.0848543229237,0.0848543229237,0.0025593930296,11,-0.6,-0.4,true
1390,215.678027338,46,45.6666478623,0.291858450295,0.366592992555,0.0747345422598,0.0747345422598,0.00584945948591,11,-0.6,-0.4,true
1390,215.678027338,47,46.3331828775,0.26909762268,0.323256573014,0.0541589503339,0.0541589503339,0.0015814084305,11,-0.6,-0.4,true
1390,215.678027338,48,46.9994920955,0.246209480156,0.285458570557,0.0392490904008,0.0392490904008,0.00139787044849,11,-0.6,-0.4,true
1390,215.678027338,49,47.6654623598,0.225204244376,0.252013928223,0.0268096838471,0.0268096838471,0.00120726348986,11,-0.6,-0.4,true
1390,215.678027338,50,48.3309802045,0.211264332441,0.222350708497,0.0110863760561,0.0110863760561,0.00156492144752,11,-0.6,-0.4,true
1390,215.678027338,51,48.9959317502,0.197419601352,0.19612343173,-0.00129616962257,0.00129616962257,0.00187446423254,11,-0.6,-0.4,true
1390,215.678027338,52,49.6602026014,0.189456187514,0.173081420699,-0.0163747668148,0.0163747668148,0.00358470667591,11,-0.6,-0.4,true
1390,215.678027338,53,50.3236777414,0.178196058011,0.153016010138,-0.0251800478732,0.0251800478732,0.0017538856157,11,-0.6,-0.4,true
1390,215.678027338,54,50.9862414289,0.170735871819,0.135737875368,-0.034997996451,0.034997996451,0.0021916536295,11,-0.6,-0.4,false
1390,215.678027338,55,51.6477770928,0.167506007309,0.121067363253,-0.0464386440562,0.0464386440562,0.00120945825175,11,-0.6,-0.4,false
1390,215.678027338,56,52.3081672277,0.166183914384,0.10883080617,-0.0573531082131,0.0573531082131,0.00106518715513,11,-0.6,-0.4,false
1390,215.678027338,57,52.9672932881,0.16529716593,0.0988596230112,-0.066437542919,0.066437542919,0.0022677849861,11,-0.6,-0.4,false
1390,215.678027338,58,53.6250355825,0.163587437368,0.0909906521051,-0.0725967852628,0.0725967852628,0.00174321322152,11,-0.6,-0.4,false
1390,215.678027338,59,54.2812731675,0.162993397013,0.085066934582,-0.0779264624313,0.0779264624313,0.00124256144766,11,-0.6,-0.4,false
1390,215.678027338,60,54.9358837405,0.159026918789,0.0809385570381,-0.0780883617505,0.0780883617505,0.0023087796093,11,-0.6,-0.4,false
1400,214.13747,35,38.3522229072,0.0905531515883,0.141390126928,0.0508369753393,0.0508369753393,0.000979915099116,11,-0.6,-0.4,false
1400,214.13747,36,39.0137585711,0.096959386522,0.148398770119,0.0514393835971,0.0514393835971,0.00140421638373,11,-0.6,-0.4,false
1400,214.13747,37,39.6763222586,0.102979545087,0.156698542877,0.05371899779,0.05371899779,0.00108002743467,11,-0.6,-0.4,false
1400,214.13747,38,40.3397973986,0.112542962053,0.16672792036,0.0541849583064,0.0541849583064,0.00109366282759,11,-0.6,-0.4,false
1400,214.13747,39,41.0040682498,0.122420042981,0.179162273594,0.0567422306133,0.0567422306133,0.00159939964202,11,-0.6,-0.4,false
1400,214.13747,40,41.6690197955,0.135245193181,0.195112032094,0.0598668389125,0.0598668389125,0.000967707374786,11,-0.6,-0.4,false
1400,214.13747,41,42.3345376402,0.156143095995,0.216581432805,0.0604383368099,0.0604383368099,0.00110361300527,11,-0.6,-0.4,false
1400,214.13747,42,43.0005079045,0.191956830726,0.247758330456,0.0558014997296,0.0558014997296,0.000948759527384,11,-0.6,-0.4,true
1400,214.13747,43,43.6668171225,0.263903098486,0.300151774654,0.0362486761685,0.0362486761685,0.0028522081702,11,-0.6,-0.4,true
1400,214.13747,44,44.3333521377,0.413032557971,0.45848487992,0.0454523219495,0.0454523219495,0.00363423688941,11,-0.6,-0.4,true
1400,214.13747,45,45,0.356425715902,0.442494201109,0.0860684852074,0.0860684852074,0.00216197045587,11,-0.6,-0.4,true
1400,214.13747,46,45.6666478623,0.315311513703,0.39078199261,0.0754704789071,0.0754704789071,0.00413439375818,11,-0.6,-0.4,true
1400,214.13747,47,46.3331828775,0.292797070464,0.347502871826,0.0547058013619,0.0547058013619,0.0017333866973,11,-0.6,-0.4,true
1400,214.13747,48,46.9994920955,0.268217222445,0.309504385353,0.041287162908,0.041287162908,0.00131328964414,11,-0.6,-0.4,true
1400,214.13747,49,47.6654623598,0.249104355937,0.275725637532,0.0266212815952,0.0266212815952,0.00201327738689,11,-0.6,-0.4,true
1400,214.13747,50,48.3309802045,0.232578842812,0.2456704287,0.0130915858877,0.0130915858877,0.00153681040187,11,-0.6,-0.4,true
1400,214.13747,51,48.9959317502,0.220455161792,0.219043580024,-0.00141158176795,0.00141158176795,0.00104032492634,11,-0.6,-0.4,true
1400,214.13747,52,49.6602026014,0.209935484074,0.195628282804,-0.0143072012695,0.0143072012695,0.00190566179715,11,-0.6,-0.4,true
1400,214.13747,53,50.3236777414,0.201868061996,0.175237975384,-0.0266300866125,0.0266300866125,0.00329919652857,11,-0.6,-0.4,true
1400,214.13747,54,50.9862414289,0.191093393449,0.15769664299,-0.0333967504591,0.0333967504591,0.00163037016446,11,-0.6,-0.4,false
1400,214.13747,55,51.6477770928,0.188785498978,0.142831309056,-0.045954189922,0.045954189922,0.00210568467854,11,-0.6,-0.4,false
1400,214.13747,56,52.3081672277,0.18695844805,0.130470034131,-0.0564884139194,0.0564884139194,0.0014831838463,11,-0.6,-0.4,false
1400,214.13747,57,52.9672932881,0.187914745617,0.120442367849,-0.0674723777682,0.0674723777682,0.00197371893721,11,-0.6,-0.4,false
1400,214.13747,58,53.6250355825,0.182581293264,0.112580768286,-0.0700005249785,0.0700005249785,0.00108695166613,11,-0.6,-0.4,false
1400,214.13747,59,54.2812731675,0.181710127792,0.106722249869,-0.0749878779232,0.0749878779232,0.00135102546901,11,-0.6,-0.4,false
1400,214.13747,60,54.9358837405,0.176028389535,0.102709901535,-0.0733184880002,0.0733184880002,0.00189236795225,11,-0.6,-0.4,false
1410,212.618764539,35,38.3522229072,0.0908730415444,0.141768726248,0.0508956847039,0.0508956847039,0.000716435687969,11,-0.6,-0.4,false
1410,212.618764539,36,39.0137585711,0.0960167536458,0.148904851729,0.0528880980835,0.0528880980835,0.000946119987625,11,-0.6,-0.4,false
1410,212.618764539,37,39.6763222586,0.104154189445,0.157390690581,0.0532365011361,0.0532365011361,0.00108092728737,11,-0.6,-0.4,false
1410,212.618764539,38,40.3397973986,0.113331617773,0.167688027817,0.0543564100442,0.0543564100442,0.00118921200595,11,-0.6,-0.4,false
1410,212.618764539,39,41.0040682498,0.124147626806,0.180508702255,0.0563610754498,0.0563610754498,0.00133352081809,11,-0.6,-0.4,false
1410,212.618764539,40,41.6690197955,0.137647029037,0.197024004534,0.0593769754967,0.0593769754967,0.000783099279949,11,-0.6,-0.4,false
1410,212.618764539,41,42.3345376402,0.160832877689,0.219349596373,0.0585167186841,0.0585167186841,0.00138523281235,11,-0.6,-0.4,false
1410,212.618764539,42,43.0005079045,0.195114869062,0.251909320238,0.0567944511761,0.0567944511761,0.003189833914,11,-0.6,-0.4,true
1410,212.618764539,43,43.6668171225,0.272756446134,0.306869169657,0.0341127235225,0.0341127235225,0.0011167693131,11,-0.6,-0.4,true
1410,212.618764539,44,44.3333521377,0.432937671012,0.473901519945,0.0409638489327,0.0409638489327,0.00157694086624,11,-0.6,-0.4,true
1410,212.618764539,45,45,0.381082045009,0.465105789606,0.0840237445972,0.0840237445972,0.00341000401965,11,-0.6,-0.4,true
1410,212.618764539,46,45.6666478623,0.34218053081,0.414113476853,0.0719329460434,0.0719329460434,0.00202809773896,11,-0.6,-0.4,true
1410,212.618764539,47,46.3331828775,0.318025475086,0.371032474711,0.0530069996259,0.0530069996259,0.00212291301033,11,-0.6,-0.4,true
1410,212.618764539,48,46.9994920955,0.294544182123,0.33297354276,0.0384293606374,0.0384293606374,0.00231958510959,11,-0.6,-0.4,true
1410,212.618764539,49,47.6654623598,0.271705195704,0.299000510348,0.0272953146435,0.0272953146435,0.00294059333704,11,-0.6,-0.4,true
1410,212.618764539,50,48.3309802045,0.254125876154,0.268693231277,0.0145673551238,0.0145673551238,0.00192149600035,11,-0.6,-0.4,true
1410,212.618764539,51,48.9959317502,0.240761102525,0.241806825963,0.00104572343747,0.00104572343747,0.00141762866176,11,-0.6,-0.4,true
1410,212.618764539,52,49.6602026014,0.233395028369,0.218158003331,-0.0152370250388,0.0152370250388,0.00260538641007,11,-0.6,-0.4,true
1410,212.618764539,53,50.3236777414,0.222770450942,0.197581633324,-0.0251888176172,0.0251888176172,0.00569215679529,11,-0.6,-0.4,true
1410,212.618764539,54,50.9862414289,0.212555598634,0.179914089051,-0.0326415095837,0.0326415095837,0.00286002341828,11,-0.6,-0.4,false
1410,212.618764539,55,51.6477770928,0.211612050071,0.164987990383,-0.0466240596886,0.0466240596886,0.00166960246377,11,-0.6,-0.4,false
1410,212.618764539,56,52.3081672277,0.21167036169,0.152631982317,-0.0590383793726,0.0590383793726,0.00180741002127,11,-0.6,-0.4,false
1410,212.618764539,57,52.9672932881,0.206938301339,0.142672622462,-0.0642656788766,0.0642656788766,0.00168823710647,11,-0.6,-0.4,false
1410,212.618764539,58,53.6250355825,0.205283298156,0.134936954477,-0.0703463436796,0.0703463436796,0.0016073514752,11,-0.6,-0.4,false
1410,212.618764539,59,54.2812731675,0.202847036521,0.129255068738,-0.0735919677834,0.0735919677834,0.00171047040704,11,-0.6,-0.4,false
1410,212.618764539,60,54.9358837405,0.198246176602,0.125462325352,-0.0727838512499,0.0727838512499,0.000986399618343,11,-0.6,-0.4,false
1420,211.121449296,35,38.3522229072,0.0924948260932,0.142091972778,0.049597146685,0.049597146685,0.00101188454192,11,-0.6,-0.4,false
1420,211.121449296,36,39.0137585711,0.0987119844094,0.149334937405,0.0506229529959,0.0506229529959,0.00131187867801,11,-0.6,-0.4,false
1420,211.121449296,37,39.6763222586,0.104411165902,0.15798134158,0.0535701756779,0.0535701756779,0.00127575336019,11,-0.6,-0.4,false
1420,211.121449296,38,40.3397973986,0.114617969806,0.16851480738,0.053896837574,0.053896837574,0.000879301152898,11,-0.6,-0.4,false
1420,211.121449296,39,41.0040682498,0.127477496406,0.181681478532,0.054203982126,0.054203982126,0.00155213912932,11,-0.6,-0.4,false
1420,211.121449296,40,41.6690197955,0.141145360014,0.198710135674,0.0575647756596,0.0575647756596,0.00114934092982,11,-0.6,-0.4,false
1420,211.121449296,41,42.3345376402,0.1641669059,0.221822137698,0.057655231798,0.057655231798,0.00155141522737,11,-0.6,-0.4,false
1420,211.121449296,42,43.0005079045,0.202394853103,0.255666150427,0.0532712973241,0.0532712973241,0.00250254797322,11,-0.6,-0.4,true
1420,211.121449296,43,43.6668171225,0.280908359444,0.313036859907,0.0321285004631,0.0321285004631,0.0019350212339,11,-0.6,-0.4,true
1420,211.121449296,44,44.3333521377,0.458615715038,0.488372348055,0.029756633017,0.029756633017,0.00217042638979,11,-0.6,-0.4,true
1420,211.121449296,45,45,0.404514944499,0.486711752453,0.0821968079544,0.0821968079544,0.00408383636204,11,-0.6,-0.4,true
1420,211.121449296,46,45.6666478623,0.360563159371,0.436545364287,0.0759822049166,0.0759822049166,0.00269183446299,11,-0.6,-0.4,true
1420,211.121449296,47,46.3331828775,0.341065030275,0.393770349934,0.0527053196588,0.0527053196588,0.0012225925932,11,-0.6,-0.4,true
1420,211.121449296,48,46.9994920955,0.316914399113,0.355759829371,0.0388454302584,0.0388454302584,0.00161911441286,11,-0.6,-0.4,true
1420,211.121449296,49,47.6654623598,0.29425186703,0.321702177295,0.0274503102652,0.0274503102652,0.00191955057099,11,-0.6,-0.4,true
1420,211.121449296,50,48.3309802045,0.279039103714,0.291253183576,0.0122140798627,0.0122140798627,0.00140797326052,11,-0.6,-0.4,true
1420,211.121449296,51,48.9959317502,0.265726221599,0.264217950997,-0.00150827060219,0.00150827060219,0.00138059198143,11,-0.6,-0.4,true
1420,211.121449296,52,49.6602026014,0.256248807272,0.240446100295,-0.0158027069769,0.0158027069769,0.00221747573083,11,-0.6,-0.4,true
1420,211.121449296,53,50.3236777414,0.245885480337,0.219793052175,-0.0260924281622,0.0260924281622,0.00225219039526,11,-0.6,-0.4,true
1420,211.121449296,54,50.9862414289,0.238249580494,0.202106483723,-0.0361430967706,0.0361430967706,0.00179986363321,11,-0.6,-0.4,false
1420,211.121449296,55,51.6477770928,0.233257218948,0.187223420987,-0.0460337979611,0.0460337979611,0.00159216660584,11,-0.6,-0.4,false
1420,211.121449296,56,52.3081672277,0.23195702369,0.174971894731,-0.0569851289598,0.0569851289598,0.00153099087073,11,-0.6,-0.4,false
1420,211.121449296,57,52.9672932881,0.228911196885,0.16517434811,-0.0637368487744,0.0637368487744,0.001177415609,11,-0.6,-0.4,false
1420,211.121449296,58,53.6250355825,0.226770852921,0.157651428221,-0.0691194246995,0.0691194246995,0.0021869286101,11,-0.6,-0.4,false
1420,211.121449296,59,54.2812731675,0.227511415568,0.152225501031,-0.075285914537,0.075285914537,0.000613065957468,11,-0.6,-0.4,false
1420,211.121449296,60,54.9358837405,0.22300526396,0.14872359981,-0.0742816641495,0.0742816641495,0.00212130457808,11,-0.6,-0.4,false
1430,209.645075524,35,38.3522229072,0.0932832847305,0.142376527706,0.0490932429751,0.0490932429751,0.00121931710691,11,-0.6,-0.4,false
1430,209.645075524,36,39.0137585711,0.0992591713832,0.149707966656,0.0504487952728,0.0504487952728,0.00116302619602,11,-0.6,-0.4,false
1430,209.645075524,37,39.6763222586,0.106083727568,0.158492033477,0.0524083059091,0.0524083059091,0.00109657787148,11,-0.6,-0.4,false
1430,209.645075524,38,40.3397973986,0.116476086262,0.169232769284,0.0527566830221,0.0527566830221,0.00106267229228,11,-0.6,-0.4,false
1430,209.645075524,39,41.0040682498,0.128866083121,0.182708527681,0.0538424445594,0.0538424445594,0.000989246120183,11,-0.6,-0.4,false
1430,209.645075524,40,41.6690197955,0.143133721401,0.200202293427,0.0570685720266,0.0570685720266,0.00143513381863,11,-0.6,-0.4,false
1430,209.645075524,41,42.3345376402,0.168157960813,0.224035503317,0.0558775425037,0.0558775425037,0.00126324057075,11,-0.6,-0.4,false
1430,209.645075524,42,43.0005079045,0.207872186538,0.25907061839,0.051198431852,0.051198431852,0.0015051557694,11,-0.6,-0.4,false
1430,209.645075524,43,43.6668171225,0.29007528063,0.318702907838,0.0286276272074,0.0286276272074,0.00219390336506,11,-0.6,-0.4,false
1430,209.645075524,44,44.3333521377,0.481107933555,0.501951623057,0.0208436895022,0.0208436895022,0.00186560960718,11,-0.6,-0.4,false
1430,209.645075524,45,45,0.428806412421,0.507319574874,0.0785131624527,0.0785131624527,0.00399830897645,11,-0.6,-0.4,false
1430,209.645075524,46,45.6666478623,0.382878050345,0.458053693836,0.0751756434913,0.0751756434913,0.00215920531701,11,-0.6,-0.4,false
1430,209.645075524,47,46.3331828775,0.362421668597,0.415663691054,0.0532420224566,0.0532420224566,0.0015452130059,11,-0.6,-0.4,false
1430,209.645075524,48,46.9994920955,0.338002746212,0.377782766715,0.0397800205032,0.0397800205032,0.002027260342,11,-0.6,-0.4,false
1430,209.645075524,49,47.6654623598,0.317369253694,0.343723113575,0.0263538598817,0.0263538598817,0.000889708424787,11,-0.6,-0.4,false
1430,209.645075524,50,48.3309802045,0.299406120765,0.313216026952,0.0138099061868,0.0138099061868,0.00151184888591,11,-0.6,-0.4,false
1430,209.645075524,51,48.9959317502,0.287708347332,0.28611604949,-0.00159229784185,0.00159229784185,0.00163121017955,11,-0.6,-0.4,false
1430,209.645075524,52,49.6602026014,0.278155536824,0.262304929648,-0.0158506071759,0.0158506071759,0.0025567165834,11,-0.6,-0.4,false
1430,209.645075524,53,50.3236777414,0.26548257749,0.241657620405,-0.023824957085,0.023824957085,0.00293828129073,11,-0.6,-0.4,false
1430,209.645075524,54,50.9862414289,0.260132055049,0.224031925984,-0.0361001290659,0.0361001290659,0.00196906706781,11,-0.6,-0.4,false
1430,209.645075524,55,51.6477770928,0.253237736213,0.209268045416,-0.0439696907973,0.0439696907973,0.00203859465534,11,-0.6,-0.4,false
1430,209.645075524,56,52.3081672277,0.251771344874,0.197192206111,-0.0545791387633,0.0545791387633,0.00226133870904,11,-0.6,-0.4,false
1430,209.645075524,57,52.9672932881,0.249320104901,0.187621674528,-0.061698430373,0.061698430373,0.00150672797584,11,-0.6,-0.4,false
1430,209.645075524,58,53.6250355825,0.249475423762,0.180369824017,-0.0691055997447,0.0691055997447,0.00155625960922,11,-0.6,-0.4,false
1430,209.645075524,59,54.2812731675,0.24668863175,0.17525063672,-0.0714379950298,0.0714379950298,0.00162117840404,11,-0.6,-0.4,false
1430,209.645075524,60,54.9358837405,0.241994755393,0.172082387631,-0.0699123677618,0.0699123677618,0.00130217281546,11,-0.6,-0.4,false
1440,208.189206944,35,38.3522229072,0.093289829642,0.142635716042,0.0493458864002,0.0493458864002,0.000929815317292,11,-0.6,-0.4,false
1440,208.189206944,36,39.0137585711,0.0996928754728,0.150039333438,0.0503464579652,0.0503464579652,0.00115835146541,11,-0.6,-0.4,false
1440,208.189206944,37,39.6763222586,0.106444826599,0.15894055158,0.0524957249815,0.0524957249815,0.000945132328948,11,-0.6,-0.4,false
1440,208.189206944,38,40.3397973986,0.115908637907,0.169862476355,0.0539538384482,0.0539538384482,0.00110410827078,11,-0.6,-0.4,false
1440,208.189206944,39,41.0040682498,0.128633828635,0.183613659093,0.0549798304578,0.0549798304578,0.00138905411036,11,-0.6,-0.4,false
1440,208.189206944,40,41.6690197955,0.145491526721,0.201528114258,0.0560365875366,0.0560365875366,0.000952115464105,11,-0.6,-0.4,false
1440,208.189206944,41,42.3345376402,0.167909266302,0.226021894704,0.0581126284023,0.0581126284023,0.000797133465013,11,-0.6,-0.4,false
1440,208.189206944,42,43.0005079045,0.211674370312,0.26216046893,0.050486098618,0.050486098618,0.00217135491281,11,-0.6,-0.4,false
1440,208.189206944,43,43.6668171225,0.290558693044,0.323912005755,0.0333533127113,0.0333533127113,0.00440464695764,11,-0.6,-0.4,false
1440,208.189206944,44,44.3333521377,0.489828709245,0.514693432702,0.0248647234562,0.0248647234562,0.00309887455736,11,-0.6,-0.4,false
1440,208.189206944,45,45,0.446740048967,0.526946741399,0.0802066924319,0.0802066924319,0.0050026523734,11,-0.6,-0.4,false
1440,208.189206944,46,45.6666478623,0.404846453845,0.478629294564,0.0737828407183,0.0737828407183,0.00179573307355,11,-0.6,-0.4,false
1440,208.189206944,47,46.3331828775,0.379725931424,0.436678469607,0.0569525381827,0.0569525381827,0.00107388047037,11,-0.6,-0.4,false
1440,208.189206944,48,46.9994920955,0.358003411768,0.398984217964,0.0409808061956,0.0409808061956,0.00215969191384,11,-0.6,-0.4,false
1440,208.189206944,49,47.6654623598,0.333551630806,0.364981440359,0.0314298095525,0.0314298095525,0.00141630056915,11,-0.6,-0.4,false
1440,208.189206944,50,48.3309802045,0.32081782991,0.334476296512,0.0136584666023,0.0136584666023,0.0020132379172,11,-0.6,-0.4,false
1440,208.189206944,51,48.9959317502,0.304248103876,0.307372079149,0.00312397527287,0.00312397527287,0.00120174569936,11,-0.6,-0.4,false
1440,208.189206944,52,49.6602026014,0.294271190915,0.283581769629,-0.0106894212865,0.0106894212865,0.00143497432223,11,-0.6,-0.4,false
1440,208.189206944,53,50.3236777414,0.283574915241,0.26299875952,-0.020576155721,0.020576155721,0.00308722102216,11,-0.6,-0.4,false
1440,208.189206944,54,50.9862414289,0.273699570795,0.245489769621,-0.0282098011737,0.0282098011737,0.00107508170038,11,-0.6,-0.4,false
1440,208.189206944,55,51.6477770928,0.272163848227,0.230896951606,-0.041266896621,0.041266896621,0.00152439135437,11,-0.6,-0.4,false
1440,208.189206944,56,52.3081672277,0.27084453159,0.219043600687,-0.0518009309027,0.0518009309027,0.00202561331828,11,-0.6,-0.4,false
1440,208.189206944,57,52.9672932881,0.268575206882,0.209740848164,-0.0588343587182,0.0588343587182,0.00174730781588,11,-0.6,-0.4,false
1440,208.189206944,58,53.6250355825,0.268061129445,0.202794055817,-0.0652670736283,0.0652670736283,0.00107689933071,11,-0.6,-0.4,false
1440,208.189206944,59,54.2812731675,0.2664846841,0.198008327097,-0.0684763570031,0.0684763570031,0.00125279597346,11,-0.6,-0.4,false
1440,208.189206944,60,54.9358837405,0.260436629236,0.19519292579,-0.0652437034463,0.0652437034463,0.00134117751825,11,-0.6,-0.4,false
1450,206.75341931,35,38.3522229072,0.0940775893874,0.142880135506,0.0488025461189,0.0488025461189,0.00111686985226,11,-0.6,-0.4,false
1450,206.75341931,36,39.0137585711,0.101491902109,0.150341497614,0.0488495955044,0.0488495955044,0.00132050751979,11,-0.6,-0.4,false
1450,206.75341931,37,39.6763222586,0.108181769089,0.159341534192,0.0511597651035,0.0511597651035,0.00106382393819,11,-0.6,-0.4,false
1450,206.75341931,38,40.3397973986,0.118012467314,0.170421130807,0.0524086634924,0.0524086634924,0.00130021017743,11,-0.6,-0.4,false
1450,206.75341931,39,41.0040682498,0.130946759221,0.184417116982,0.0534703577615,0.0534703577615,0.0010492457697,11,-0.6,-0.4,false
1450,206.75341931,40,41.6690197955,0.145994502271,0.202711491872,0.0567169896006,0.0567169896006,0.00101996411816,11,-0.6,-0.4,false
1450,206.75341931,41,42.3345376402,0.170936747944,0.227809655026,0.0568729070821,0.0568729070821,0.00101381558718,11,-0.6,-0.4,false
1450,206.75341931,42,43.0005079045,0.212445282118,0.264969612044,0.0525243299254,0.0525243299254,0.00222626663718,11,-0.6,-0.4,false
1450,206.75341931,43,43.6668171225,0.302491513278,0.328705389946,0.0262138766675,0.0262138766675,0.00125196249321,11,-0.6,-0.4,false
1450,206.75341931,44,44.3333521377,0.51163026439,0.526650734236,0.0150204698461,0.0150204698461,0.00270509972821,11,-0.6,-0.4,false
1450,206.75341931,45,45,0.459726243261,0.545618253869,0.085892010608,0.085892010608,0.00140179312885,11,-0.6,-0.4,false
1450,206.75341931,46,45.6666478623,0.421146590062,0.498274859819,0.0771282697572,0.0771282697572,0.00476271220946,11,-0.6,-0.4,false
1450,206.75341931,47,46.3331828775,0.399832195005,0.456796266161,0.0569640711556,0.0569640711556,0.00164209451713,11,-0.6,-0.4,false
1450,206.75341931,48,46.9994920955,0.376681733998,0.419325109982,0.0426433759843,0.0426433759843,0.00260217330965,11,-0.6,-0.4,false
1450,206.75341931,49,47.6654623598,0.352750561887,0.385417644027,0.0326670821399,0.0326670821399,0.00192044858028,11,-0.6,-0.4,false
1450,206.75341931,50,48.3309802045,0.338042985361,0.354954127286,0.0169111419251,0.0169111419251,0.00221384840334,11,-0.6,-0.4,false
1450,206.75341931,51,48.9959317502,0.325413895002,0.327885831589,0.00247193658774,0.00247193658774,0.00202902868706,11,-0.6,-0.4,false
1450,206.75341931,52,49.6602026014,0.311886088099,0.304156022263,-0.00773006583573,0.00773006583573,0.0018863161991,11,-0.6,-0.4,false
1450,206.75341931,53,50.3236777414,0.304469776604,0.283675411831,-0.0207943647736,0.0207943647736,0.00252414087991,11,-0.6,-0.4,false
1450,206.75341931,54,50.9862414289,0.298275017044,0.26631844029,-0.0319565767547,0.0319565767547,0.00243056936899,11,-0.6,-0.4,false
1450,206.75341931,55,51.6477770928,0.289059668546,0.251928046156,-0.0371316223904,0.0371316223904,0.00177204346211,11,-0.6,-0.4,false
1450,206.75341931,56,52.3081672277,0.28699773256,0.240323558662,-0.0466741738977,0.0466741738977,0.00154601901099,11,-0.6,-0.4,false
1450,206.75341931,57,52.9672932881,0.290325593938,0.231309145205,-0.0590164487331,0.0590164487331,0.00156479057532,11,-0.6,-0.4,false
1450,206.75341931,58,53.6250355825,0.285897474856,0.22468157305,-0.0612159018063,0.0612159018063,0.00234147162512,11,-0.6,-0.4,false
1450,206.75341931,59,54.2812731675,0.278939853779,0.220236740871,-0.0587031129077,0.0587031129077,0.00245691958461,11,-0.6,-0.4,false
1450,206.75341931,60,54.9358837405,0.27650439265,0.217774819666,-0.0587295729841,0.0587295729841,0.00197630535016,11,-0.6,-0.4,false
